year,month,origin,departures,cancelled,diverted,dep_del15,taxi_out_total,taxi_out_n,dep_delay_total
2026,5,ABE,294,4.0,0.0,56.0,4016.0,290,7948.0
2026,5,ABI,244,4.0,0.0,41.0,3027.0,240,3509.0
2026,5,ABQ,2151,14.0,8.0,448.0,32683.0,2137,31945.0
2026,5,ABR,62,0.0,0.0,0.0,897.0,62,3.0
2026,5,ACK,59,0.0,0.0,13.0,1221.0,59,841.0
2026,5,ACT,93,4.0,1.0,12.0,1108.0,89,745.0
2026,5,ACV,216,3.0,1.0,57.0,4223.0,213,4597.0
2026,5,ACY,59,0.0,0.0,25.0,759.0,59,3618.0
2026,5,ADK,9,0.0,0.0,2.0,52.0,9,239.0
2026,5,ADQ,81,0.0,0.0,11.0,461.0,81,1121.0
2026,5,AEX,112,4.0,1.0,18.0,1852.0,108,1860.0
2026,5,AGS,94,6.0,1.0,13.0,1765.0,88,1231.0
2026,5,AKN,19,0.0,0.0,2.0,82.0,19,94.0
2026,5,ALB,1186,9.0,1.0,171.0,15467.0,1177,13803.0
2026,5,ALO,59,0.0,0.0,9.0,787.0,59,1269.0
2026,5,AMA,419,7.0,2.0,85.0,5750.0,412,6085.0
2026,5,ANC,1818,11.0,1.0,241.0,23093.0,1807,15862.0
2026,5,APN,56,0.0,0.0,12.0,815.0,56,1624.0
2026,5,ASE,182,0.0,2.0,23.0,3813.0,182,1221.0
2026,5,ATL,27535,325.0,72.0,6047.0,471231.0,27210,397434.0
2026,5,ATW,720,0.0,0.0,114.0,11820.0,720,12158.0
2026,5,ATY,62,0.0,0.0,8.0,1025.0,62,573.0
2026,5,AUS,7831,71.0,25.0,2215.0,124271.0,7760,159164.0
2026,5,AVL,806,8.0,0.0,136.0,12322.0,798,12310.0
2026,5,AVP,211,1.0,1.0,32.0,3294.0,210,5506.0
2026,5,AZA,480,0.0,2.0,100.0,7541.0,480,7829.0
2026,5,AZO,166,1.0,0.0,28.0,3071.0,165,3139.0
2026,5,BDL,1981,13.0,4.0,275.0,29336.0,1968,21677.0
2026,5,BET,62,0.0,0.0,15.0,404.0,62,619.0
2026,5,BFF,54,0.0,0.0,7.0,948.0,54,1579.0
2026,5,BFL,251,3.0,0.0,23.0,4615.0,248,2541.0
2026,5,BGM,25,0.0,0.0,2.0,307.0,25,69.0
2026,5,BGR,355,1.0,0.0,64.0,5699.0,354,6660.0
2026,5,BHM,1550,18.0,6.0,319.0,22113.0,1532,25053.0
2026,5,BIH,7,1.0,0.0,2.0,170.0,6,88.0
2026,5,BIL,383,0.0,3.0,41.0,6403.0,383,3880.0
2026,5,BIS,306,0.0,2.0,44.0,5063.0,306,3038.0
2026,5,BJI,62,1.0,0.0,3.0,757.0,61,516.0
2026,5,BLI,193,1.0,0.0,28.0,2847.0,192,4083.0
2026,5,BLV,140,1.0,0.0,40.0,1637.0,139,5061.0
2026,5,BMI,181,1.0,0.0,23.0,2745.0,180,2473.0
2026,5,BNA,9814,56.0,22.0,3358.0,170205.0,9758,198999.0
2026,5,BOI,2040,5.0,7.0,397.0,33229.0,2035,29357.0
2026,5,BOS,12694,77.0,34.0,2272.0,263525.0,12617,157886.0
2026,5,BPT,61,1.0,0.0,8.0,1146.0,60,1459.0
2026,5,BQN,188,1.0,1.0,34.0,2277.0,187,2082.0
2026,5,BRD,56,0.0,0.0,1.0,817.0,56,257.0
2026,5,BRO,124,5.0,2.0,19.0,1443.0,119,1247.0
2026,5,BRW,31,2.0,0.0,2.0,178.0,29,68.0
2026,5,BTM,62,0.0,1.0,8.0,1141.0,62,1233.0
2026,5,BTR,366,14.0,2.0,77.0,5164.0,352,10630.0
2026,5,BTV,549,6.0,2.0,74.0,9719.0,543,6961.0
2026,5,BUF,1936,14.0,4.0,353.0,26678.0,1922,25575.0
2026,5,BUR,2520,27.0,4.0,566.0,45115.0,2493,37455.0
2026,5,BWI,8161,23.0,19.0,2316.0,124848.0,8138,136658.0
2026,5,BZN,849,6.0,0.0,148.0,13797.0,843,10927.0
2026,5,CAE,505,7.0,2.0,92.0,7527.0,498,8388.0
2026,5,CAK,484,7.0,1.0,79.0,8861.0,477,8723.0
2026,5,CDC,54,0.0,0.0,4.0,930.0,54,2221.0
2026,5,CDV,62,0.0,2.0,10.0,371.0,62,503.0
2026,5,CHA,443,12.0,3.0,87.0,6948.0,431,9542.0
2026,5,CHO,152,2.0,1.0,31.0,2967.0,150,3601.0
2026,5,CHS,2200,16.0,6.0,402.0,36768.0,2184,35969.0
2026,5,CID,734,4.0,2.0,119.0,10627.0,730,12135.0
2026,5,CIU,65,1.0,0.0,11.0,1128.0,64,1449.0
2026,5,CKB,78,2.0,0.0,17.0,1047.0,76,2352.0
2026,5,CLD,204,0.0,0.0,49.0,3794.0,204,3525.0
2026,5,CLE,3745,36.0,10.0,549.0,54639.0,3709,47892.0
2026,5,CLL,93,3.0,0.0,17.0,1250.0,90,2016.0
2026,5,CLT,15778,47.0,29.0,3663.0,331706.0,15731,248312.0
2026,5,CMH,3860,47.0,8.0,618.0,56713.0,3813,44860.0
2026,5,CMI,151,3.0,1.0,18.0,2146.0,148,1806.0
2026,5,CMX,62,1.0,0.0,11.0,1113.0,61,1819.0
2026,5,COD,77,0.0,0.0,27.0,1743.0,77,3763.0
2026,5,COS,1119,10.0,3.0,216.0,21801.0,1109,18352.0
2026,5,COU,337,8.0,4.0,55.0,5403.0,329,7484.0
2026,5,CPR,226,1.0,2.0,41.0,5618.0,225,2778.0
2026,5,CRP,370,12.0,2.0,84.0,5483.0,358,7943.0
2026,5,CRW,227,1.0,1.0,42.0,5238.0,226,4096.0
2026,5,CVG,3064,31.0,2.0,481.0,45934.0,3033,36241.0
2026,5,CWA,93,1.0,0.0,10.0,1173.0,92,925.0
2026,5,CYS,62,1.0,1.0,9.0,1125.0,61,954.0
2026,5,DAB,307,3.0,1.0,62.0,4565.0,304,4498.0
2026,5,DAL,6141,104.0,17.0,2549.0,84417.0,6037,158234.0
2026,5,DAY,674,11.0,1.0,126.0,11208.0,663,9983.0
2026,5,DCA,12158,176.0,38.0,2834.0,264976.0,11982,210730.0
2026,5,DDC,53,0.0,1.0,10.0,1022.0,53,894.0
2026,5,DEC,53,1.0,0.0,11.0,1037.0,52,2984.0
2026,5,DEN,27406,78.0,72.0,6538.0,560581.0,27328,411915.0
2026,5,DFW,27419,915.0,77.0,7666.0,527664.0,26504,574839.0
2026,5,DIK,53,2.0,0.0,5.0,1345.0,51,383.0
2026,5,DLH,257,1.0,0.0,29.0,4724.0,256,3548.0
2026,5,DRO,419,2.0,1.0,67.0,8665.0,417,5254.0
2026,5,DSM,1382,16.0,2.0,238.0,20862.0,1366,22127.0
2026,5,DTW,10112,128.0,17.0,1863.0,171756.0,9984,139868.0
2026,5,DVL,53,0.0,1.0,14.0,1143.0,53,1401.0
2026,5,EAR,85,2.0,0.0,17.0,1557.0,83,1621.0
2026,5,EAU,53,0.0,0.0,6.0,859.0,53,773.0
2026,5,ECP,1021,15.0,3.0,247.0,13604.0,1006,16607.0
2026,5,EGE,135,1.0,1.0,24.0,3117.0,134,1945.0
2026,5,EKO,49,0.0,0.0,2.0,660.0,49,127.0
2026,5,ELM,115,1.0,0.0,14.0,1646.0,114,1785.0
2026,5,ELP,1357,12.0,7.0,316.0,20063.0,1345,24627.0
2026,5,ESC,54,0.0,0.0,5.0,801.0,54,967.0
2026,5,EUG,807,1.0,2.0,139.0,12267.0,806,11627.0
2026,5,EVV,163,6.0,0.0,31.0,2557.0,157,4581.0
2026,5,EWN,17,0.0,0.0,3.0,249.0,17,135.0
2026,5,EWR,10300,96.0,26.0,1305.0,220326.0,10204,103812.0
2026,5,EYW,697,6.0,15.0,125.0,10204.0,691,13161.0
2026,5,FAI,357,1.0,0.0,36.0,3851.0,356,2143.0
2026,5,FAR,611,5.0,1.0,80.0,9610.0,606,6622.0
2026,5,FAT,1117,7.0,3.0,210.0,17928.0,1110,20432.0
2026,5,FAY,17,1.0,0.0,8.0,285.0,16,492.0
2026,5,FCA,334,2.0,1.0,50.0,5472.0,332,3642.0
2026,5,FLG,161,4.0,1.0,49.0,3243.0,157,5200.0
2026,5,FLL,6437,34.0,27.0,1625.0,116014.0,6403,106307.0
2026,5,FMN,31,0.0,0.0,4.0,314.0,31,1030.0
2026,5,FNT,301,4.0,1.0,64.0,4406.0,297,7145.0
2026,5,FOD,56,0.0,0.0,12.0,889.0,56,1999.0
2026,5,FSD,735,4.0,1.0,128.0,12191.0,731,14023.0
2026,5,FSM,102,3.0,0.0,21.0,1514.0,99,2025.0
2026,5,FWA,543,6.0,1.0,131.0,10323.0,537,12797.0
2026,5,GCC,32,0.0,0.0,3.0,552.0,32,142.0
2026,5,GCK,62,1.0,1.0,11.0,938.0,61,1213.0
2026,5,GEG,1542,8.0,4.0,195.0,22661.0,1534,13171.0
2026,5,GFK,117,0.0,0.0,15.0,1884.0,117,2878.0
2026,5,GGG,62,2.0,0.0,6.0,871.0,60,261.0
2026,5,GJT,449,3.0,0.0,64.0,8884.0,446,4618.0
2026,5,GNV,242,5.0,0.0,37.0,2926.0,237,3526.0
2026,5,GPT,273,4.0,2.0,54.0,4098.0,269,6698.0
2026,5,GRB,433,3.0,0.0,74.0,7185.0,430,7834.0
2026,5,GRI,76,3.0,0.0,21.0,999.0,73,3947.0
2026,5,GRK,179,8.0,0.0,28.0,2780.0,171,2183.0
2026,5,GRR,1726,13.0,3.0,261.0,27057.0,1713,26083.0
2026,5,GSO,944,13.0,2.0,129.0,14576.0,931,10978.0
2026,5,GSP,1302,14.0,3.0,223.0,20245.0,1288,15946.0
2026,5,GTF,173,2.0,0.0,22.0,2223.0,171,2446.0
2026,5,GTR,31,3.0,0.0,9.0,481.0,28,2079.0
2026,5,GUC,73,0.0,0.0,6.0,2124.0,73,1213.0
2026,5,GUF,86,2.0,0.0,40.0,1136.0,84,4493.0
2026,5,GUM,62,1.0,0.0,9.0,1045.0,61,360.0
2026,5,HDN,104,0.0,0.0,20.0,2196.0,104,1281.0
2026,5,HGR,21,0.0,0.0,8.0,221.0,21,303.0
2026,5,HHH,311,2.0,8.0,69.0,5034.0,309,7175.0
2026,5,HIB,56,0.0,0.0,0.0,920.0,56,1.0
2026,5,HLN,124,0.0,0.0,3.0,2193.0,124,804.0
2026,5,HNL,4953,56.0,3.0,791.0,81310.0,4897,46732.0
2026,5,HOB,52,1.0,1.0,14.0,860.0,51,1394.0
2026,5,HOU,4533,36.0,14.0,1583.0,57737.0,4497,84112.0
2026,5,HPN,810,10.0,2.0,152.0,12933.0,800,13892.0
2026,5,HRL,306,6.0,1.0,64.0,3736.0,300,4642.0
2026,5,HSV,664,12.0,2.0,125.0,10209.0,652,11248.0
2026,5,HTS,32,0.0,0.0,17.0,326.0,32,2683.0
2026,5,HYS,53,4.0,0.0,7.0,929.0,49,1790.0
2026,5,IAD,5474,31.0,15.0,726.0,118463.0,5443,69239.0
2026,5,IAG,29,0.0,0.0,8.0,377.0,29,409.0
2026,5,IAH,10105,46.0,30.0,2468.0,209100.0,10059,190266.0
2026,5,ICT,1007,13.0,3.0,216.0,15232.0,994,16972.0
2026,5,IDA,417,2.0,2.0,72.0,7329.0,415,8271.0
2026,5,ILM,738,7.0,5.0,126.0,12770.0,731,8608.0
2026,5,IMT,62,0.0,0.0,12.0,820.0,62,818.0
2026,5,IND,4324,38.0,8.0,792.0,63503.0,4286,51614.0
2026,5,INL,54,0.0,0.0,3.0,616.0,54,79.0
2026,5,ISP,393,0.0,2.0,64.0,4676.0,393,4769.0
2026,5,ITO,568,4.0,0.0,111.0,5755.0,564,5818.0
2026,5,JAC,457,4.0,4.0,82.0,7934.0,453,7058.0
2026,5,JAN,546,12.0,2.0,108.0,7693.0,534,7706.0
2026,5,JAX,2744,27.0,4.0,542.0,39227.0,2717,50864.0
2026,5,JFK,8535,92.0,24.0,1357.0,234797.0,8443,111492.0
2026,5,JLN,53,0.0,2.0,12.0,811.0,53,1146.0
2026,5,JMS,53,0.0,0.0,9.0,919.0,53,1319.0
2026,5,JNU,397,3.0,1.0,44.0,3580.0,394,3021.0
2026,5,JST,53,0.0,0.0,7.0,784.0,53,1085.0
2026,5,KOA,1353,13.0,1.0,169.0,16051.0,1340,9234.0
2026,5,KTN,205,1.0,1.0,20.0,1589.0,204,1531.0
2026,5,LAF,49,0.0,0.0,10.0,764.0,49,1260.0
2026,5,LAN,130,2.0,0.0,32.0,1984.0,128,2741.0
2026,5,LAR,53,1.0,0.0,10.0,1343.0,52,707.0
2026,5,LAS,14585,97.0,34.0,4293.0,259195.0,14488,271853.0
2026,5,LAW,93,3.0,0.0,14.0,1349.0,90,1659.0
2026,5,LAX,16317,88.0,42.0,3312.0,285788.0,16229,231163.0
2026,5,LBB,532,7.0,3.0,103.0,7706.0,525,9800.0
2026,5,LBE,1,0.0,0.0,0.0,8.0,1,0.0
2026,5,LBF,54,0.0,0.0,13.0,985.0,54,2778.0
2026,5,LBL,53,1.0,1.0,7.0,690.0,52,731.0
2026,5,LCH,93,4.0,0.0,18.0,1304.0,89,3288.0
2026,5,LCK,102,0.0,0.0,28.0,1364.0,102,2903.0
2026,5,LEX,853,15.0,0.0,154.0,13849.0,838,14169.0
2026,5,LFT,184,9.0,0.0,47.0,3114.0,175,6350.0
2026,5,LGA,11375,208.0,38.0,2452.0,286017.0,11167,185102.0
2026,5,LGB,1184,1.0,4.0,220.0,14438.0,1183,11087.0
2026,5,LIH,1372,21.0,2.0,224.0,13678.0,1351,14539.0
2026,5,LIT,1215,12.0,2.0,244.0,19404.0,1203,20903.0
2026,5,LNK,283,3.0,2.0,49.0,5779.0,280,4731.0
2026,5,LRD,162,7.0,0.0,26.0,2085.0,155,2738.0
2026,5,LSE,106,1.0,0.0,16.0,1089.0,105,1166.0
2026,5,LWB,62,0.0,0.0,10.0,1176.0,62,1169.0
2026,5,LWS,62,0.0,0.0,1.0,896.0,62,86.0
2026,5,LYH,62,1.0,0.0,17.0,1030.0,61,3277.0
2026,5,MAF,747,13.0,4.0,141.0,11226.0,734,14720.0
2026,5,MBS,161,0.0,1.0,29.0,2621.0,161,3344.0
2026,5,MCI,4354,48.0,17.0,1004.0,64715.0,4306,68117.0
2026,5,MCO,12958,91.0,33.0,3158.0,234743.0,12867,205249.0
2026,5,MCW,53,2.0,0.0,13.0,741.0,51,1748.0
2026,5,MDT,560,11.0,3.0,90.0,8264.0,549,8642.0
2026,5,MDW,6269,22.0,17.0,1966.0,87820.0,6247,108796.0
2026,5,MEI,53,0.0,0.0,13.0,956.0,53,1606.0
2026,5,MEM,2228,24.0,5.0,488.0,31806.0,2204,41808.0
2026,5,MFE,422,10.0,1.0,91.0,5936.0,412,11078.0
2026,5,MFR,530,3.0,1.0,86.0,8600.0,527,6049.0
2026,5,MGM,178,3.0,0.0,69.0,3332.0,175,8157.0
2026,5,MGW,53,3.0,0.0,11.0,843.0,50,3941.0
2026,5,MHK,155,5.0,0.0,19.0,1858.0,150,1225.0
2026,5,MHT,582,5.0,1.0,94.0,7941.0,577,7290.0
2026,5,MIA,9296,42.0,36.0,2238.0,193948.0,9254,160694.0
2026,5,MKE,2735,20.0,7.0,494.0,42364.0,2715,35876.0
2026,5,MLB,244,2.0,0.0,38.0,4053.0,242,2026.0
2026,5,MLI,420,7.0,1.0,72.0,7679.0,413,8250.0
2026,5,MLU,113,5.0,0.0,19.0,1702.0,108,3140.0
2026,5,MOB,160,11.0,1.0,40.0,2358.0,149,2507.0
2026,5,MOT,236,2.0,0.0,33.0,4056.0,234,4559.0
2026,5,MQT,130,2.0,1.0,17.0,1540.0,128,2703.0
2026,5,MRY,381,1.0,1.0,81.0,7163.0,380,9430.0
2026,5,MSN,1305,17.0,8.0,199.0,20858.0,1288,21412.0
2026,5,MSO,432,2.0,2.0,55.0,6704.0,430,5594.0
2026,5,MSP,10400,56.0,30.0,1702.0,172601.0,10344,134120.0
2026,5,MSY,4194,35.0,14.0,1206.0,61243.0,4159,86494.0
2026,5,MTJ,146,1.0,2.0,31.0,2368.0,145,2633.0
2026,5,MVY,33,0.0,0.0,4.0,646.0,33,240.0
2026,5,MYR,1132,11.0,0.0,203.0,15162.0,1121,15954.0
2026,5,OAJ,118,3.0,1.0,33.0,2097.0,115,3103.0
2026,5,OAK,2683,17.0,2.0,697.0,34225.0,2666,38397.0
2026,5,OGG,2178,17.0,0.0,282.0,22188.0,2161,15979.0
2026,5,OKC,2102,25.0,2.0,465.0,31012.0,2077,31855.0
2026,5,OMA,2223,13.0,6.0,427.0,30916.0,2210,33063.0
2026,5,OME,38,0.0,0.0,1.0,191.0,38,53.0
2026,5,ONT,2298,16.0,3.0,475.0,32352.0,2282,29741.0
2026,5,ORD,33733,340.0,101.0,7781.0,929180.0,33393,615286.0
2026,5,ORF,1790,15.0,9.0,313.0,28143.0,1775,27129.0
2026,5,ORH,62,0.0,0.0,12.0,843.0,62,972.0
2026,5,OTH,42,0.0,0.0,17.0,744.0,42,1264.0
2026,5,OTZ,31,2.0,0.0,3.0,142.0,29,161.0
2026,5,PAE,76,0.0,0.0,5.0,902.0,76,407.0
2026,5,PAH,56,0.0,0.0,8.0,906.0,56,1220.0
2026,5,PBG,29,0.0,0.0,17.0,409.0,29,1038.0
2026,5,PBI,2545,25.0,5.0,470.0,39373.0,2520,38573.0
2026,5,PDX,5535,23.0,11.0,880.0,91268.0,5512,62655.0
2026,5,PGD,550,0.0,5.0,122.0,6752.0,550,8926.0
2026,5,PHL,9251,101.0,28.0,1759.0,187308.0,9150,138306.0
2026,5,PHX,17337,52.0,47.0,4361.0,277460.0,17285,274667.0
2026,5,PIA,447,9.0,2.0,76.0,7643.0,438,8013.0
2026,5,PIB,53,0.0,0.0,10.0,882.0,53,1087.0
2026,5,PIE,790,0.0,2.0,144.0,10990.0,790,12059.0
2026,5,PIH,54,0.0,0.0,0.0,703.0,54,3.0
2026,5,PIR,54,1.0,2.0,7.0,817.0,53,584.0
2026,5,PIT,3778,30.0,7.0,596.0,57811.0,3748,44053.0
2026,5,PLN,70,8.0,0.0,6.0,758.0,62,729.0
2026,5,PNS,1320,17.0,5.0,313.0,17713.0,1303,23885.0
2026,5,PQI,31,1.0,0.0,1.0,260.0,30,46.0
2026,5,PRC,84,0.0,0.0,9.0,1652.0,84,611.0
2026,5,PSC,497,0.0,0.0,77.0,8045.0,497,8288.0
2026,5,PSE,60,0.0,0.0,2.0,796.0,60,92.0
2026,5,PSG,62,1.0,0.0,6.0,454.0,61,255.0
2026,5,PSM,47,1.0,0.0,11.0,660.0,46,2190.0
2026,5,PSP,1215,10.0,12.0,280.0,20736.0,1205,22766.0
2026,5,PVD,1366,8.0,3.0,243.0,18737.0,1358,15633.0
2026,5,PVU,228,2.0,1.0,36.0,4032.0,226,3591.0
2026,5,PWM,1056,10.0,2.0,141.0,15773.0,1046,10671.0
2026,5,RAP,624,8.0,6.0,106.0,10931.0,616,10712.0
2026,5,RDD,134,1.0,0.0,30.0,2647.0,133,2878.0
2026,5,RDM,583,2.0,1.0,99.0,10097.0,581,6524.0
2026,5,RDU,4884,42.0,12.0,880.0,84257.0,4842,66425.0
2026,5,RFD,90,0.0,0.0,20.0,1093.0,90,2252.0
2026,5,RHI,68,0.0,0.0,3.0,916.0,68,142.0
2026,5,RIC,1623,13.0,6.0,297.0,26516.0,1610,22205.0
2026,5,RIW,62,1.0,1.0,11.0,1201.0,61,1565.0
2026,5,RKS,62,1.0,0.0,11.0,1358.0,61,1811.0
2026,5,RNO,1708,12.0,4.0,341.0,28982.0,1696,23964.0
2026,5,ROA,156,2.0,0.0,40.0,3126.0,154,4060.0
2026,5,ROC,930,9.0,1.0,166.0,12848.0,921,16805.0
2026,5,ROW,133,4.0,0.0,29.0,2149.0,129,4211.0
2026,5,RST,168,5.0,0.0,19.0,2633.0,163,2307.0
2026,5,RSW,2802,15.0,12.0,517.0,43677.0,2787,42686.0
2026,5,SAF,390,8.0,3.0,70.0,7409.0,382,6897.0
2026,5,SAN,8947,59.0,37.0,2282.0,184434.0,8888,133327.0
2026,5,SAT,3485,48.0,10.0,778.0,45810.0,3437,61210.0
2026,5,SAV,1803,19.0,3.0,344.0,27284.0,1784,27392.0
2026,5,SBA,816,4.0,1.0,153.0,14778.0,812,9226.0
2026,5,SBN,710,9.0,1.0,159.0,12395.0,701,17225.0
2026,5,SBP,424,2.0,2.0,102.0,8284.0,422,11037.0
2026,5,SCC,42,0.0,0.0,2.0,347.0,42,462.0
2026,5,SCE,83,3.0,0.0,15.0,1205.0,80,2342.0
2026,5,SCK,39,0.0,0.0,18.0,483.0,39,1157.0
2026,5,SDF,2304,20.0,11.0,385.0,35628.0,2284,30727.0
2026,5,SEA,14564,60.0,46.0,2875.0,305463.0,14504,168550.0
2026,5,SFB,842,1.0,2.0,247.0,13717.0,841,18818.0
2026,5,SFO,13114,103.0,37.0,4128.0,328511.0,13011,282998.0
2026,5,SGF,739,17.0,2.0,169.0,11621.0,722,13151.0
2026,5,SGU,416,0.0,2.0,58.0,9070.0,416,7238.0
2026,5,SHD,56,0.0,0.0,9.0,989.0,56,1996.0
2026,5,SHR,76,1.0,1.0,9.0,1692.0,75,584.0
2026,5,SHV,524,11.0,0.0,120.0,9016.0,513,14203.0
2026,5,SIT,131,1.0,3.0,10.0,1162.0,130,687.0
2026,5,SJC,3686,14.0,7.0,709.0,51835.0,3672,38077.0
2026,5,SJT,93,6.0,0.0,17.0,1362.0,87,2036.0
2026,5,SJU,2875,6.0,12.0,484.0,45189.0,2869,34358.0
2026,5,SLC,10146,43.0,37.0,1493.0,176531.0,10103,95718.0
2026,5,SLN,85,0.0,0.0,9.0,1156.0,85,1426.0
2026,5,SMF,4945,18.0,7.0,1016.0,68319.0,4927,61469.0
2026,5,SMX,21,0.0,0.0,4.0,242.0,21,395.0
2026,5,SNA,3835,30.0,22.0,757.0,60434.0,3805,53443.0
2026,5,SPI,71,0.0,0.0,14.0,797.0,71,1146.0
2026,5,SPN,31,0.0,0.0,7.0,381.0,31,311.0
2026,5,SPS,62,2.0,0.0,7.0,968.0,60,475.0
2026,5,SRQ,1513,8.0,3.0,290.0,21526.0,1505,26369.0
2026,5,STC,9,0.0,0.0,4.0,59.0,9,249.0
2026,5,STL,5375,45.0,15.0,1396.0,64926.0,5330,103876.0
2026,5,STS,589,2.0,3.0,97.0,10026.0,587,7314.0
2026,5,STT,481,2.0,8.0,71.0,7227.0,479,4690.0
2026,5,STX,103,0.0,0.0,18.0,1402.0,103,1636.0
2026,5,SUN,135,0.0,1.0,12.0,2231.0,135,1430.0
2026,5,SUX,80,2.0,0.0,20.0,1259.0,78,2964.0
2026,5,SWF,40,0.0,0.0,10.0,470.0,40,969.0
2026,5,SWO,62,3.0,0.0,9.0,958.0,59,2277.0
2026,5,SYR,959,15.0,0.0,118.0,13835.0,944,13353.0
2026,5,TLH,421,7.0,2.0,70.0,6419.0,414,7861.0
2026,5,TOL,38,0.0,0.0,12.0,463.0,38,796.0
2026,5,TPA,6471,44.0,25.0,1652.0,99075.0,6427,126746.0
2026,5,TRI,117,2.0,0.0,29.0,1369.0,115,2384.0
2026,5,TTN,101,1.0,1.0,19.0,1750.0,100,1176.0
2026,5,TUL,1626,19.0,6.0,346.0,24988.0,1607,30214.0
2026,5,TUS,1691,9.0,8.0,326.0,27545.0,1682,27421.0
2026,5,TVC,468,4.0,1.0,67.0,6811.0,464,6793.0
2026,5,TWF,85,0.0,0.0,4.0,1052.0,85,791.0
2026,5,TXK,62,1.0,0.0,6.0,946.0,61,528.0
2026,5,TYR,93,2.0,0.0,19.0,1400.0,91,1628.0
2026,5,TYS,1308,15.0,4.0,252.0,21179.0,1293,21775.0
2026,5,USA,63,0.0,0.0,27.0,903.0,63,3840.0
2026,5,VCT,53,1.0,0.0,7.0,771.0,52,1761.0
2026,5,VPS,1098,10.0,13.0,270.0,17716.0,1088,19069.0
2026,5,VRB,87,0.0,0.0,12.0,1503.0,87,620.0
2026,5,WRG,62,1.0,0.0,6.0,265.0,61,188.0
2026,5,WYS,47,1.0,0.0,12.0,754.0,46,2204.0
2026,5,XNA,1319,17.0,5.0,235.0,23155.0,1302,25737.0
2026,5,XWA,201,3.0,0.0,19.0,4061.0,198,2424.0
2026,5,YAK,62,3.0,0.0,10.0,273.0,59,511.0
2026,5,YUM,141,1.0,1.0,15.0,2357.0,140,1372.0
2026,6,ABE,361,9.0,3.0,75.0,4683.0,352,8883.0
2026,6,ABI,261,4.0,2.0,48.0,3279.0,257,5423.0
2026,6,ABQ,2163,23.0,1.0,538.0,31555.0,2140,37763.0
2026,6,ABR,60,0.0,1.0,8.0,854.0,60,1627.0
2026,6,ACK,356,10.0,0.0,81.0,7097.0,346,6801.0
2026,6,ACT,90,5.0,0.0,21.0,1060.0,85,2193.0
2026,6,ACV,225,21.0,1.0,74.0,3991.0,204,6756.0
2026,6,ACY,54,0.0,0.0,39.0,802.0,54,5316.0
2026,6,ADK,8,0.0,0.0,1.0,68.0,8,33.0
2026,6,ADQ,90,1.0,0.0,6.0,511.0,89,281.0
2026,6,AEX,150,7.0,0.0,20.0,2611.0,143,2722.0
2026,6,AGS,111,7.0,2.0,27.0,1849.0,104,2702.0
2026,6,AKN,36,0.0,0.0,6.0,191.0,36,266.0
2026,6,ALB,1096,24.0,7.0,232.0,15235.0,1072,22239.0
2026,6,ALO,51,6.0,0.0,14.0,947.0,45,2006.0
2026,6,AMA,423,9.0,3.0,88.0,5804.0,414,8442.0
2026,6,ANC,2322,14.0,5.0,367.0,30573.0,2308,25081.0
2026,6,APN,51,0.0,0.0,5.0,645.0,51,308.0
2026,6,ASE,626,42.0,15.0,198.0,12914.0,584,25697.0
2026,6,ATL,26961,372.0,84.0,5490.0,460735.0,26589,392428.0
2026,6,ATW,592,10.0,1.0,104.0,8625.0,582,10469.0
2026,6,ATY,60,0.0,1.0,5.0,1060.0,60,223.0
2026,6,AUS,7879,77.0,26.0,2604.0,123153.0,7802,184149.0
2026,6,AVL,930,27.0,4.0,198.0,14326.0,903,19415.0
2026,6,AVP,146,6.0,0.0,34.0,2168.0,140,3079.0
2026,6,AZA,503,2.0,2.0,87.0,7435.0,501,6486.0
2026,6,AZO,174,4.0,0.0,28.0,3188.0,170,3619.0
2026,6,BDL,1868,39.0,9.0,325.0,28734.0,1829,28356.0
2026,6,BET,60,0.0,0.0,9.0,365.0,60,618.0
2026,6,BFF,51,0.0,0.0,13.0,1130.0,51,2204.0
2026,6,BFL,257,3.0,1.0,52.0,4716.0,254,4643.0
2026,6,BGM,30,0.0,0.0,3.0,431.0,30,136.0
2026,6,BGR,502,22.0,2.0,93.0,9059.0,480,9682.0
2026,6,BHM,1441,36.0,7.0,354.0,19607.0,1405,32311.0
2026,6,BIH,19,1.0,0.0,14.0,329.0,18,746.0
2026,6,BIL,412,3.0,3.0,54.0,6507.0,409,4929.0
2026,6,BIS,335,4.0,3.0,52.0,5197.0,331,7324.0
2026,6,BJI,60,1.0,1.0,7.0,607.0,59,650.0
2026,6,BLI,175,0.0,0.0,27.0,2714.0,175,2474.0
2026,6,BLV,181,4.0,0.0,65.0,2167.0,177,6878.0
2026,6,BMI,144,3.0,2.0,33.0,2160.0,141,3118.0
2026,6,BNA,9725,95.0,26.0,3668.0,159395.0,9630,226385.0
2026,6,BOI,2002,13.0,7.0,432.0,32937.0,1989,32767.0
2026,6,BOS,12683,225.0,38.0,2696.0,260438.0,12458,216192.0
2026,6,BPT,60,3.0,0.0,11.0,992.0,57,1381.0
2026,6,BQN,213,1.0,2.0,58.0,2579.0,212,6482.0
2026,6,BRD,51,0.0,0.0,5.0,772.0,51,503.0
2026,6,BRO,111,5.0,1.0,14.0,1463.0,106,1119.0
2026,6,BRW,30,2.0,0.0,5.0,152.0,28,322.0
2026,6,BTM,60,0.0,0.0,10.0,957.0,60,869.0
2026,6,BTR,380,17.0,4.0,84.0,5480.0,363,7811.0
2026,6,BTV,554,34.0,2.0,119.0,9659.0,520,14874.0
2026,6,BUF,1865,53.0,4.0,420.0,24217.0,1812,32157.0
2026,6,BUR,2535,31.0,9.0,592.0,44282.0,2504,37598.0
2026,6,BWI,8045,93.0,24.0,2748.0,120279.0,7952,168923.0
2026,6,BZN,1258,8.0,3.0,295.0,20307.0,1250,25456.0
2026,6,CAE,475,17.0,1.0,86.0,6876.0,458,9459.0
2026,6,CAK,499,19.0,0.0,126.0,8173.0,480,14026.0
2026,6,CDC,51,0.0,1.0,2.0,863.0,51,360.0
2026,6,CDV,60,0.0,0.0,5.0,322.0,60,338.0
2026,6,CHA,424,14.0,5.0,101.0,6264.0,410,8857.0
2026,6,CHO,141,4.0,0.0,21.0,2330.0,137,2424.0
2026,6,CHS,2117,51.0,14.0,448.0,34284.0,2066,42447.0
2026,6,CID,687,15.0,1.0,132.0,9501.0,672,16763.0
2026,6,CIU,73,0.0,0.0,11.0,1255.0,73,1072.0
2026,6,CKB,89,1.0,0.0,22.0,1412.0,88,1778.0
2026,6,CLD,240,0.0,2.0,56.0,4668.0,240,3581.0
2026,6,CLE,3675,82.0,20.0,731.0,53611.0,3593,65505.0
2026,6,CLL,90,7.0,1.0,22.0,953.0,83,2505.0
2026,6,CLT,15079,252.0,49.0,4356.0,311872.0,14827,350369.0
2026,6,CMH,3876,61.0,16.0,771.0,56668.0,3815,60166.0
2026,6,CMI,145,6.0,0.0,31.0,2019.0,139,5501.0
2026,6,CMX,64,2.0,0.0,13.0,1021.0,62,1549.0
2026,6,COD,103,0.0,2.0,32.0,2415.0,103,3510.0
2026,6,COS,1160,19.0,9.0,291.0,22280.0,1141,23763.0
2026,6,COU,360,11.0,1.0,72.0,5596.0,349,8183.0
2026,6,CPR,236,0.0,1.0,62.0,5026.0,236,5239.0
2026,6,CRP,380,12.0,0.0,97.0,4949.0,368,8014.0
2026,6,CRW,199,12.0,0.0,52.0,4232.0,187,4103.0
2026,6,CSG,6,0.0,0.0,2.0,97.0,6,70.0
2026,6,CVG,3129,49.0,13.0,667.0,44420.0,3080,57941.0
2026,6,CWA,90,4.0,0.0,13.0,960.0,86,959.0
2026,6,CYS,60,0.0,0.0,10.0,1306.0,60,961.0
2026,6,DAB,300,10.0,0.0,43.0,4475.0,290,4891.0
2026,6,DAL,6025,71.0,25.0,2930.0,82709.0,5954,176814.0
2026,6,DAY,628,24.0,5.0,121.0,10345.0,604,13317.0
2026,6,DCA,11953,590.0,63.0,3222.0,258567.0,11363,291781.0
2026,6,DDC,51,0.0,0.0,16.0,941.0,51,2530.0
2026,6,DEC,51,4.0,0.0,9.0,846.0,47,672.0
2026,6,DEN,28634,116.0,98.0,8918.0,631146.0,28518,624975.0
2026,6,DFW,27815,1265.0,97.0,10101.0,517421.0,26550,845490.0
2026,6,DIK,51,0.0,0.0,9.0,1211.0,51,965.0
2026,6,DLG,21,0.0,0.0,3.0,117.0,21,173.0
2026,6,DLH,216,4.0,2.0,34.0,3935.0,212,3278.0
2026,6,DRO,444,4.0,1.0,92.0,8557.0,440,9362.0
2026,6,DSM,1356,39.0,3.0,313.0,19030.0,1317,31401.0
2026,6,DTW,9869,141.0,38.0,2027.0,171825.0,9728,158973.0
2026,6,DVL,51,0.0,0.0,6.0,1099.0,51,818.0
2026,6,EAR,81,3.0,0.0,11.0,1546.0,78,977.0
2026,6,EAU,51,3.0,0.0,13.0,865.0,48,985.0
2026,6,ECP,1082,23.0,4.0,321.0,14721.0,1059,21678.0
2026,6,EGE,179,1.0,2.0,45.0,3323.0,178,5909.0
2026,6,EKO,47,0.0,0.0,5.0,577.0,47,787.0
2026,6,ELM,119,0.0,0.0,28.0,1912.0,119,3257.0
2026,6,ELP,1394,14.0,7.0,429.0,21138.0,1380,30133.0
2026,6,ERI,26,0.0,0.0,6.0,400.0,26,1264.0
2026,6,ESC,51,0.0,0.0,8.0,719.0,51,1082.0
2026,6,EUG,839,0.0,3.0,246.0,12528.0,839,17176.0
2026,6,EVV,180,10.0,1.0,43.0,2636.0,170,4347.0
2026,6,EWR,9967,152.0,24.0,1828.0,241686.0,9815,171590.0
2026,6,EYW,578,9.0,5.0,139.0,8588.0,569,12933.0
2026,6,FAI,403,1.0,0.0,56.0,4523.0,402,4205.0
2026,6,FAR,558,12.0,4.0,105.0,8909.0,546,8481.0
2026,6,FAT,1123,7.0,4.0,260.0,18813.0,1116,19571.0
2026,6,FAY,24,2.0,0.0,7.0,414.0,22,525.0
2026,6,FCA,555,2.0,2.0,133.0,9131.0,553,12736.0
2026,6,FLG,120,10.0,1.0,32.0,2056.0,110,3695.0
2026,6,FLL,6077,69.0,28.0,1559.0,103168.0,6008,121893.0
2026,6,FMN,30,0.0,0.0,0.0,293.0,30,0.0
2026,6,FNT,221,6.0,0.0,54.0,3337.0,215,5635.0
2026,6,FOD,52,0.0,1.0,18.0,748.0,52,1666.0
2026,6,FSD,694,14.0,3.0,148.0,11858.0,680,14169.0
2026,6,FSM,115,7.0,0.0,16.0,1488.0,108,1330.0
2026,6,FWA,532,19.0,2.0,106.0,9470.0,513,10229.0
2026,6,GCC,88,0.0,0.0,11.0,1961.0,88,1314.0
2026,6,GCK,60,1.0,1.0,14.0,778.0,59,1003.0
2026,6,GEG,1668,7.0,6.0,368.0,25477.0,1661,26750.0
2026,6,GFK,111,0.0,0.0,8.0,1829.0,111,328.0
2026,6,GGG,54,4.0,0.0,10.0,581.0,50,1241.0
2026,6,GJT,437,4.0,2.0,94.0,9062.0,433,8422.0
2026,6,GNV,233,3.0,1.0,34.0,3018.0,230,2332.0
2026,6,GPT,234,11.0,2.0,29.0,3191.0,223,2018.0
2026,6,GRB,399,9.0,0.0,48.0,5922.0,390,6600.0
2026,6,GRI,75,3.0,1.0,40.0,1088.0,72,5728.0
2026,6,GRK,180,11.0,0.0,40.0,2653.0,169,4322.0
2026,6,GRR,1586,29.0,7.0,337.0,24038.0,1557,29790.0
2026,6,GSO,820,35.0,2.0,173.0,12280.0,785,12542.0
2026,6,GSP,1250,29.0,5.0,288.0,18962.0,1221,27217.0
2026,6,GST,25,1.0,0.0,3.0,187.0,24,195.0
2026,6,GTF,171,0.0,0.0,22.0,2271.0,171,1896.0
2026,6,GTR,30,2.0,0.0,12.0,464.0,28,2030.0
2026,6,GUC,103,2.0,0.0,18.0,2241.0,101,2452.0
2026,6,GUF,126,0.0,0.0,51.0,1653.0,126,9426.0
2026,6,GUM,60,0.0,0.0,4.0,948.0,60,278.0
2026,6,HDN,128,0.0,0.0,36.0,2634.0,128,3449.0
2026,6,HGR,34,1.0,0.0,17.0,506.0,33,1715.0
2026,6,HHH,294,4.0,6.0,67.0,4682.0,290,9328.0
2026,6,HIB,51,0.0,0.0,5.0,720.0,51,1300.0
2026,6,HLN,120,0.0,1.0,11.0,1992.0,120,1094.0
2026,6,HNL,4899,34.0,4.0,700.0,82625.0,4865,41726.0
2026,6,HOB,30,0.0,0.0,8.0,480.0,30,1486.0
2026,6,HOU,4514,28.0,17.0,1770.0,63239.0,4486,103305.0
2026,6,HPN,817,28.0,5.0,153.0,13009.0,789,15756.0
2026,6,HRL,324,7.0,1.0,85.0,3837.0,317,6210.0
2026,6,HSV,677,23.0,4.0,119.0,9842.0,654,14903.0
2026,6,HTS,67,0.0,0.0,37.0,658.0,67,2321.0
2026,6,HYA,53,1.0,0.0,10.0,1179.0,52,853.0
2026,6,HYS,51,2.0,0.0,15.0,841.0,49,1154.0
2026,6,IAD,5053,47.0,17.0,856.0,114127.0,5006,86625.0
2026,6,IAG,23,0.0,0.0,10.0,292.0,23,839.0
2026,6,IAH,9903,74.0,38.0,2872.0,211964.0,9829,247458.0
2026,6,ICT,1016,26.0,8.0,281.0,16303.0,990,27142.0
2026,6,IDA,501,5.0,4.0,94.0,8743.0,496,12414.0
2026,6,ILM,762,22.0,7.0,141.0,13167.0,740,13078.0
2026,6,IMT,60,0.0,0.0,12.0,733.0,60,1250.0
2026,6,IND,4249,80.0,10.0,850.0,59193.0,4169,67885.0
2026,6,INL,62,0.0,0.0,9.0,811.0,62,1092.0
2026,6,ISP,415,3.0,2.0,91.0,4804.0,412,7334.0
2026,6,ITO,549,9.0,0.0,64.0,5299.0,540,3177.0
2026,6,JAC,791,11.0,8.0,213.0,13749.0,780,20574.0
2026,6,JAN,545,18.0,2.0,131.0,7897.0,527,11590.0
2026,6,JAX,2646,42.0,11.0,630.0,38387.0,2604,64076.0
2026,6,JFK,8750,177.0,37.0,1920.0,258087.0,8573,167980.0
2026,6,JLN,51,0.0,1.0,7.0,834.0,51,669.0
2026,6,JMS,51,0.0,0.0,10.0,854.0,51,1528.0
2026,6,JNU,493,7.0,0.0,53.0,4795.0,486,3759.0
2026,6,JST,51,2.0,0.0,10.0,876.0,49,2402.0
2026,6,KOA,1370,7.0,0.0,141.0,16410.0,1363,9599.0
2026,6,KTN,231,0.0,0.0,27.0,2106.0,231,1978.0
2026,6,LAF,43,2.0,0.0,8.0,685.0,41,759.0
2026,6,LAN,140,4.0,0.0,20.0,2408.0,136,3020.0
2026,6,LAR,51,0.0,0.0,18.0,1413.0,51,2017.0
2026,6,LAS,13704,106.0,54.0,4912.0,232722.0,13598,305024.0
2026,6,LAW,89,4.0,0.0,16.0,1296.0,85,1591.0
2026,6,LAX,16664,102.0,83.0,4143.0,300045.0,16562,302876.0
2026,6,LBB,543,6.0,1.0,124.0,8284.0,537,12785.0
2026,6,LBF,51,0.0,0.0,13.0,825.0,51,1269.0
2026,6,LBL,51,0.0,0.0,9.0,785.0,51,1204.0
2026,6,LCH,88,4.0,0.0,13.0,1295.0,84,979.0
2026,6,LCK,150,0.0,0.0,48.0,2031.0,150,5103.0
2026,6,LEX,859,25.0,0.0,194.0,13074.0,834,20297.0
2026,6,LFT,176,7.0,0.0,41.0,2904.0,169,4680.0
2026,6,LGA,10877,452.0,62.0,2462.0,270593.0,10425,207868.0
2026,6,LGB,1161,4.0,5.0,264.0,14043.0,1157,14874.0
2026,6,LIH,1396,12.0,0.0,159.0,13856.0,1384,8214.0
2026,6,LIT,1270,19.0,5.0,298.0,19132.0,1251,26605.0
2026,6,LNK,344,5.0,1.0,57.0,6628.0,339,4354.0
2026,6,LNS,47,2.0,0.0,10.0,740.0,45,986.0
2026,6,LRD,158,12.0,2.0,23.0,1979.0,146,2300.0
2026,6,LSE,107,3.0,1.0,23.0,1119.0,104,1984.0
2026,6,LWB,60,3.0,0.0,17.0,1197.0,57,4501.0
2026,6,LWS,60,0.0,0.0,7.0,1242.0,60,702.0
2026,6,LYH,60,1.0,0.0,17.0,951.0,59,2808.0
2026,6,MAF,751,20.0,1.0,156.0,10875.0,731,13084.0
2026,6,MBS,167,2.0,1.0,26.0,2742.0,165,2512.0
2026,6,MCI,4581,57.0,15.0,1197.0,63428.0,4524,87276.0
2026,6,MCO,12541,126.0,49.0,3601.0,223363.0,12415,286133.0
2026,6,MCW,51,4.0,0.0,10.0,751.0,47,972.0
2026,6,MDT,528,7.0,2.0,104.0,7739.0,521,11941.0
2026,6,MDW,6937,106.0,33.0,2707.0,102294.0,6831,164707.0
2026,6,MEI,51,1.0,0.0,5.0,695.0,50,299.0
2026,6,MEM,2221,52.0,11.0,510.0,31170.0,2169,47485.0
2026,6,MFE,436,12.0,1.0,80.0,5708.0,424,10382.0
2026,6,MFR,522,0.0,2.0,95.0,8870.0,522,8850.0
2026,6,MGM,176,13.0,2.0,54.0,2803.0,163,7929.0
2026,6,MGW,51,3.0,0.0,14.0,879.0,48,2409.0
2026,6,MHK,124,4.0,1.0,30.0,1655.0,120,3212.0
2026,6,MHT,537,17.0,3.0,102.0,7495.0,520,10997.0
2026,6,MIA,8797,69.0,38.0,2214.0,178044.0,8728,167459.0
2026,6,MKE,2657,56.0,6.0,544.0,39279.0,2601,40253.0
2026,6,MLB,236,3.0,0.0,42.0,3800.0,233,6051.0
2026,6,MLI,321,18.0,1.0,54.0,4802.0,303,5701.0
2026,6,MLU,119,7.0,1.0,23.0,1664.0,112,1399.0
2026,6,MOB,153,8.0,1.0,26.0,2199.0,145,3017.0
2026,6,MOT,253,1.0,3.0,45.0,4417.0,252,2525.0
2026,6,MQT,111,3.0,0.0,24.0,1471.0,108,2993.0
2026,6,MRY,405,7.0,2.0,109.0,7791.0,398,8185.0
2026,6,MSN,1302,45.0,3.0,211.0,19975.0,1257,25345.0
2026,6,MSO,571,3.0,3.0,118.0,9049.0,568,10638.0
2026,6,MSP,10491,96.0,42.0,2131.0,183604.0,10395,157425.0
2026,6,MSY,3709,41.0,24.0,1125.0,51731.0,3668,91039.0
2026,6,MTJ,192,2.0,3.0,53.0,3487.0,190,9168.0
2026,6,MVY,179,3.0,1.0,42.0,3512.0,176,4458.0
2026,6,MYR,1319,24.0,7.0,322.0,17058.0,1295,33782.0
2026,6,OAJ,92,2.0,0.0,11.0,1463.0,90,1110.0
2026,6,OAK,2597,11.0,4.0,908.0,32671.0,2586,48142.0
2026,6,OGG,2204,8.0,2.0,252.0,23179.0,2196,19009.0
2026,6,OKC,2117,34.0,9.0,482.0,30278.0,2083,43547.0
2026,6,OMA,2348,22.0,10.0,605.0,32918.0,2326,50361.0
2026,6,OME,30,0.0,0.0,6.0,139.0,30,226.0
2026,6,ONT,2304,23.0,8.0,602.0,30709.0,2281,40801.0
2026,6,ORD,31374,1001.0,119.0,8167.0,878154.0,30373,694692.0
2026,6,ORF,1875,52.0,7.0,458.0,29457.0,1823,44251.0
2026,6,ORH,60,0.0,2.0,8.0,816.0,60,571.0
2026,6,OTH,60,0.0,0.0,39.0,1103.0,60,3045.0
2026,6,OTZ,30,1.0,0.0,7.0,182.0,29,470.0
2026,6,PAE,60,0.0,1.0,6.0,715.0,60,267.0
2026,6,PAH,60,0.0,0.0,10.0,679.0,60,720.0
2026,6,PBG,25,0.0,0.0,5.0,368.0,25,339.0
2026,6,PBI,2154,39.0,11.0,472.0,30823.0,2115,43870.0
2026,6,PDX,6024,37.0,20.0,1317.0,96485.0,5987,92692.0
2026,6,PGD,555,3.0,3.0,150.0,6795.0,552,15396.0
2026,6,PHL,9707,265.0,43.0,2457.0,208210.0,9442,214541.0
2026,6,PHX,15685,68.0,61.0,4766.0,243845.0,15617,325522.0
2026,6,PIA,466,18.0,1.0,108.0,7534.0,448,11303.0
2026,6,PIB,51,0.0,0.0,15.0,797.0,51,1737.0
2026,6,PIE,926,5.0,4.0,207.0,13212.0,921,17003.0
2026,6,PIH,60,0.0,0.0,3.0,830.0,60,179.0
2026,6,PIR,51,0.0,1.0,5.0,726.0,51,331.0
2026,6,PIT,3815,64.0,13.0,747.0,59509.0,3751,68139.0
2026,6,PLN,102,4.0,0.0,16.0,1386.0,98,1176.0
2026,6,PNS,1307,41.0,4.0,328.0,17542.0,1266,25272.0
2026,6,PQI,30,1.0,0.0,1.0,241.0,29,122.0
2026,6,PRC,81,0.0,1.0,10.0,1561.0,81,1154.0
2026,6,PSC,499,0.0,1.0,74.0,8489.0,499,6843.0
2026,6,PSE,61,0.0,1.0,4.0,768.0,61,372.0
2026,6,PSG,60,0.0,0.0,2.0,479.0,60,111.0
2026,6,PSM,33,0.0,0.0,12.0,453.0,33,1711.0
2026,6,PSP,804,7.0,15.0,186.0,13833.0,797,13750.0
2026,6,PVD,1315,40.0,9.0,272.0,18497.0,1275,27747.0
2026,6,PVU,246,2.0,3.0,44.0,4505.0,244,5076.0
2026,6,PWM,1201,26.0,2.0,221.0,18569.0,1175,27467.0
2026,6,RAP,703,8.0,5.0,166.0,11343.0,695,16448.0
2026,6,RDD,141,1.0,1.0,42.0,2822.0,140,4667.0
2026,6,RDM,580,1.0,4.0,136.0,9921.0,579,9689.0
2026,6,RDU,4615,96.0,9.0,974.0,78830.0,4519,89649.0
2026,6,RFD,96,0.0,0.0,28.0,1126.0,96,2982.0
2026,6,RHI,79,0.0,0.0,7.0,1101.0,79,307.0
2026,6,RIC,1655,38.0,3.0,358.0,26447.0,1617,32088.0
2026,6,RIW,60,0.0,0.0,12.0,1033.0,60,1785.0
2026,6,RKS,60,0.0,1.0,10.0,986.0,60,1302.0
2026,6,RNO,1946,19.0,6.0,506.0,32115.0,1927,31975.0
2026,6,ROA,213,9.0,2.0,59.0,4270.0,204,5944.0
2026,6,ROC,925,21.0,3.0,198.0,12579.0,904,19381.0
2026,6,ROW,150,6.0,1.0,39.0,2469.0,144,3722.0
2026,6,RST,131,4.0,0.0,42.0,2222.0,127,3596.0
2026,6,RSW,2087,19.0,10.0,445.0,30625.0,2068,35190.0
2026,6,SAF,390,10.0,4.0,106.0,7950.0,380,9207.0
2026,6,SAN,8996,90.0,47.0,3026.0,190372.0,8906,176423.0
2026,6,SAT,3393,56.0,15.0,954.0,45547.0,3337,79024.0
2026,6,SAV,1656,30.0,4.0,368.0,24752.0,1626,34146.0
2026,6,SBA,752,1.0,2.0,158.0,13057.0,751,13529.0
2026,6,SBN,654,22.0,1.0,124.0,10667.0,632,13237.0
2026,6,SBP,357,1.0,4.0,94.0,6690.0,356,8065.0
2026,6,SCC,44,0.0,0.0,1.0,339.0,44,28.0
2026,6,SCE,82,2.0,1.0,9.0,1467.0,80,1136.0
2026,6,SCK,40,0.0,0.0,11.0,543.0,40,1071.0
2026,6,SDF,2012,42.0,10.0,453.0,30507.0,1970,39597.0
2026,6,SEA,15402,74.0,38.0,3938.0,331956.0,15328,238065.0
2026,6,SFB,1001,4.0,2.0,320.0,17376.0,997,37116.0
2026,6,SFO,13415,94.0,46.0,4827.0,333910.0,13321,340797.0
2026,6,SGF,830,25.0,0.0,216.0,13029.0,805,22677.0
2026,6,SGU,391,0.0,4.0,84.0,7774.0,391,8074.0
2026,6,SHD,60,3.0,0.0,10.0,850.0,57,1847.0
2026,6,SHR,60,0.0,1.0,7.0,1142.0,60,659.0
2026,6,SHV,619,18.0,3.0,164.0,10079.0,601,18440.0
2026,6,SIT,150,5.0,0.0,19.0,1285.0,145,1681.0
2026,6,SJC,3816,22.0,7.0,1022.0,53588.0,3794,57469.0
2026,6,SJT,90,5.0,2.0,16.0,1290.0,85,1409.0
2026,6,SJU,3095,19.0,11.0,559.0,46132.0,3076,44982.0
2026,6,SLC,10084,48.0,29.0,1841.0,175441.0,10036,126152.0
2026,6,SLN,82,1.0,1.0,4.0,1204.0,81,361.0
2026,6,SMF,4900,25.0,13.0,1255.0,67841.0,4875,70582.0
2026,6,SMX,8,0.0,0.0,1.0,80.0,8,39.0
2026,6,SNA,3822,40.0,40.0,1011.0,61032.0,3782,79465.0
2026,6,SPI,69,1.0,0.0,12.0,872.0,68,1839.0
2026,6,SPN,30,0.0,0.0,2.0,386.0,30,111.0
2026,6,SPS,60,1.0,0.0,15.0,1062.0,59,1915.0
2026,6,SRQ,1164,5.0,9.0,227.0,15140.0,1159,17643.0
2026,6,STC,8,0.0,0.0,0.0,67.0,8,22.0
2026,6,STL,5463,64.0,28.0,1799.0,66531.0,5399,125820.0
2026,6,STS,595,2.0,2.0,116.0,10076.0,593,7284.0
2026,6,STT,434,1.0,11.0,76.0,6114.0,433,8490.0
2026,6,STX,98,0.0,0.0,16.0,1318.0,98,946.0
2026,6,SUN,215,0.0,1.0,40.0,4288.0,215,3406.0
2026,6,SUX,77,0.0,0.0,11.0,1282.0,77,857.0
2026,6,SWF,51,0.0,0.0,15.0,584.0,51,1378.0
2026,6,SWO,60,1.0,0.0,9.0,1007.0,59,1157.0
2026,6,SYR,912,32.0,2.0,158.0,13406.0,880,15115.0
2026,6,TLH,399,12.0,2.0,56.0,5961.0,387,6132.0
2026,6,TOL,29,0.0,0.0,10.0,310.0,29,893.0
2026,6,TPA,5964,51.0,26.0,1459.0,85584.0,5913,109750.0
2026,6,TRI,170,13.0,2.0,33.0,1758.0,157,3301.0
2026,6,TTN,112,2.0,1.0,29.0,1973.0,110,2248.0
2026,6,TUL,1583,29.0,10.0,368.0,23371.0,1554,33047.0
2026,6,TUS,1399,16.0,6.0,306.0,22264.0,1383,22456.0
2026,6,TVC,732,31.0,3.0,161.0,11332.0,701,16667.0
2026,6,TWF,83,0.0,0.0,5.0,1112.0,83,683.0
2026,6,TXK,60,4.0,1.0,15.0,944.0,56,2602.0
2026,6,TYR,90,5.0,0.0,20.0,1029.0,85,2192.0
2026,6,TYS,1328,30.0,13.0,336.0,21356.0,1298,34135.0
2026,6,USA,60,0.0,1.0,24.0,904.0,60,2702.0
2026,6,VCT,51,0.0,0.0,17.0,854.0,51,2960.0
2026,6,VPS,1287,21.0,4.0,412.0,20482.0,1266,38196.0
2026,6,VRB,90,0.0,0.0,20.0,1732.0,90,1343.0
2026,6,WRG,60,0.0,0.0,1.0,288.0,60,40.0
2026,6,WYS,76,1.0,0.0,12.0,1277.0,75,734.0
2026,6,XNA,1344,25.0,8.0,338.0,23191.0,1319,35168.0
2026,6,XWA,197,1.0,3.0,37.0,4199.0,196,4010.0
2026,6,YAK,60,0.0,0.0,8.0,242.0,60,403.0
2026,6,YUM,120,0.0,0.0,19.0,1820.0,120,1080.0
2026,7,ABE,391,8.0,2.0,100.0,5607.0,383,14187.0
2026,7,ABI,274,0.0,4.0,48.0,3008.0,274,5287.0
2026,7,ABQ,2227,16.0,13.0,530.0,31306.0,2211,43835.0
2026,7,ABR,62,0.0,0.0,8.0,905.0,62,1907.0
2026,7,ACK,546,69.0,2.0,135.0,10562.0,477,16156.0
2026,7,ACT,92,0.0,0.0,16.0,1172.0,92,1638.0
2026,7,ACV,235,2.0,0.0,78.0,4649.0,233,5609.0
2026,7,ACY,55,1.0,0.0,34.0,838.0,54,5154.0
2026,7,ADK,9,0.0,0.0,1.0,67.0,9,42.0
2026,7,ADQ,92,1.0,0.0,16.0,431.0,91,737.0
2026,7,AEX,154,1.0,0.0,21.0,2642.0,153,1577.0
2026,7,AGS,118,1.0,0.0,31.0,2083.0,117,2905.0
2026,7,AKN,46,0.0,0.0,1.0,272.0,46,89.0
2026,7,ALB,1149,37.0,5.0,323.0,16925.0,1112,32257.0
2026,7,ALO,54,4.0,0.0,11.0,1124.0,50,1402.0
2026,7,AMA,437,2.0,0.0,86.0,6133.0,435,7705.0
2026,7,ANC,2513,18.0,6.0,488.0,32535.0,2495,32100.0
2026,7,APN,55,0.0,0.0,12.0,916.0,55,989.0
2026,7,ASE,759,22.0,9.0,253.0,16827.0,737,28903.0
2026,7,ATL,28068,679.0,139.0,9181.0,523631.0,27389,743691.0
2026,7,ATW,617,10.0,1.0,113.0,9283.0,607,12898.0
2026,7,ATY,62,0.0,1.0,13.0,1282.0,62,3328.0
2026,7,AUS,8177,106.0,43.0,2706.0,126696.0,8071,198351.0
2026,7,AVL,1020,28.0,3.0,282.0,15515.0,992,28167.0
2026,7,AVP,150,3.0,0.0,37.0,2288.0,147,4141.0
2026,7,AZA,524,3.0,1.0,101.0,7731.0,521,8596.0
2026,7,AZO,182,14.0,0.0,37.0,3311.0,168,3254.0
2026,7,BDL,1827,67.0,13.0,455.0,29426.0,1760,45328.0
2026,7,BET,61,0.0,0.0,16.0,355.0,61,926.0
2026,7,BFF,53,1.0,0.0,17.0,1128.0,52,1966.0
2026,7,BFL,263,0.0,1.0,44.0,4531.0,263,3413.0
2026,7,BGM,31,0.0,0.0,6.0,456.0,31,503.0
2026,7,BGR,530,41.0,1.0,136.0,9544.0,489,22414.0
2026,7,BHM,1501,29.0,5.0,398.0,21273.0,1472,40328.0
2026,7,BIH,31,0.0,0.0,16.0,906.0,31,3113.0
2026,7,BIL,420,2.0,5.0,65.0,6810.0,418,7867.0
2026,7,BIS,355,1.0,4.0,51.0,5640.0,354,5252.0
2026,7,BJI,62,0.0,0.0,8.0,676.0,62,1314.0
2026,7,BLI,182,0.0,0.0,15.0,2828.0,182,1692.0
2026,7,BLV,190,2.0,1.0,62.0,2273.0,188,9784.0
2026,7,BMI,144,5.0,0.0,26.0,2137.0,139,3917.0
2026,7,BNA,10098,186.0,62.0,3959.0,170711.0,9912,264437.0
2026,7,BOI,2070,5.0,9.0,419.0,35164.0,2065,28338.0
2026,7,BOS,13277,786.0,57.0,3787.0,280008.0,12491,327504.0
2026,7,BPT,64,0.0,0.0,16.0,1254.0,64,1654.0
2026,7,BQN,226,10.0,2.0,65.0,2694.0,216,4468.0
2026,7,BRD,55,0.0,0.0,4.0,952.0,55,268.0
2026,7,BRO,109,0.0,0.0,16.0,1286.0,109,856.0
2026,7,BRW,31,0.0,0.0,10.0,177.0,31,366.0
2026,7,BTM,62,0.0,2.0,11.0,977.0,62,888.0
2026,7,BTR,361,5.0,2.0,80.0,5368.0,356,11015.0
2026,7,BTV,594,28.0,2.0,173.0,10792.0,566,18004.0
2026,7,BUF,1951,105.0,5.0,594.0,25257.0,1846,51295.0
2026,7,BUR,2626,28.0,18.0,572.0,44427.0,2598,38807.0
2026,7,BWI,8485,366.0,42.0,3227.0,130091.0,8119,218778.0
2026,7,BZN,1379,17.0,16.0,373.0,23152.0,1362,30576.0
2026,7,CAE,455,21.0,3.0,119.0,6545.0,434,16814.0
2026,7,CAK,505,14.0,1.0,120.0,7689.0,491,11872.0
2026,7,CDC,55,0.0,0.0,2.0,976.0,55,183.0
2026,7,CDV,62,0.0,0.0,6.0,293.0,62,327.0
2026,7,CHA,435,11.0,1.0,137.0,6306.0,424,14405.0
2026,7,CHO,154,6.0,1.0,29.0,2767.0,148,5624.0
2026,7,CHS,2172,84.0,14.0,599.0,37061.0,2088,61099.0
2026,7,CID,714,18.0,2.0,147.0,10400.0,696,16233.0
2026,7,CIU,85,7.0,0.0,22.0,1386.0,78,2029.0
2026,7,CKB,93,1.0,0.0,29.0,1471.0,92,3575.0
2026,7,CLD,243,0.0,5.0,72.0,4540.0,243,5125.0
2026,7,CLE,3736,158.0,16.0,874.0,53459.0,3578,81450.0
2026,7,CLL,92,0.0,0.0,10.0,1080.0,92,820.0
2026,7,CLT,15548,347.0,69.0,5832.0,333569.0,15201,488359.0
2026,7,CMH,4002,125.0,23.0,844.0,55643.0,3877,72646.0
2026,7,CMI,151,3.0,0.0,25.0,2050.0,148,3749.0
2026,7,CMX,80,8.0,0.0,13.0,1370.0,72,1039.0
2026,7,COD,128,1.0,4.0,33.0,3119.0,127,2319.0
2026,7,COS,1189,5.0,4.0,309.0,23553.0,1184,24516.0
2026,7,COU,351,7.0,0.0,69.0,5268.0,344,5756.0
2026,7,CPR,240,0.0,0.0,55.0,4861.0,240,6021.0
2026,7,CRP,390,2.0,0.0,70.0,4981.0,388,5748.0
2026,7,CRW,202,14.0,1.0,78.0,4343.0,188,7749.0
2026,7,CSG,8,0.0,0.0,5.0,94.0,8,211.0
2026,7,CVG,3262,90.0,18.0,768.0,45617.0,3172,67107.0
2026,7,CWA,94,5.0,0.0,10.0,1087.0,89,562.0
2026,7,CYS,62,0.0,0.0,6.0,1247.0,62,430.0
2026,7,DAB,306,11.0,0.0,90.0,4511.0,295,9101.0
2026,7,DAL,6237,66.0,42.0,2585.0,83287.0,6171,146021.0
2026,7,DAY,667,19.0,2.0,141.0,11111.0,648,18429.0
2026,7,DCA,12115,966.0,71.0,4031.0,276449.0,11149,369443.0
2026,7,DDC,54,2.0,0.0,15.0,936.0,52,1706.0
2026,7,DEC,54,4.0,0.0,9.0,718.0,50,1070.0
2026,7,DEN,29503,239.0,191.0,9111.0,603130.0,29264,707027.0
2026,7,DFW,28623,344.0,155.0,9975.0,554495.0,28279,812444.0
2026,7,DIK,54,0.0,0.0,13.0,1389.0,54,1473.0
2026,7,DLG,31,2.0,0.0,4.0,153.0,29,427.0
2026,7,DLH,244,15.0,0.0,44.0,3875.0,229,5359.0
2026,7,DRO,454,3.0,4.0,90.0,8419.0,451,10110.0
2026,7,DSM,1415,37.0,8.0,335.0,21553.0,1378,37760.0
2026,7,DTW,10449,263.0,34.0,2868.0,182656.0,10186,229521.0
2026,7,DVL,54,1.0,0.0,9.0,1161.0,53,1093.0
2026,7,EAR,84,0.0,1.0,13.0,1596.0,84,2594.0
2026,7,EAU,54,2.0,0.0,9.0,802.0,52,1148.0
2026,7,ECP,1133,22.0,6.0,355.0,15831.0,1111,31253.0
2026,7,EGE,201,2.0,0.0,57.0,3804.0,199,7501.0
2026,7,EKO,51,0.0,0.0,1.0,611.0,51,47.0
2026,7,ELM,132,0.0,0.0,36.0,2067.0,132,3878.0
2026,7,ELP,1446,7.0,6.0,373.0,21576.0,1439,32394.0
2026,7,ERI,31,2.0,0.0,4.0,420.0,29,1653.0
2026,7,ESC,55,3.0,0.0,5.0,805.0,52,715.0
2026,7,EUG,884,4.0,4.0,182.0,13946.0,880,15047.0
2026,7,EVV,183,6.0,0.0,32.0,2508.0,177,2348.0
2026,7,EWR,10116,830.0,38.0,2496.0,264632.0,9286,278621.0
2026,7,EYW,599,9.0,14.0,176.0,8726.0,590,20626.0
2026,7,FAI,437,3.0,0.0,101.0,5064.0,434,9442.0
2026,7,FAR,595,9.0,3.0,100.0,9402.0,586,9668.0
2026,7,FAT,1172,9.0,6.0,274.0,19327.0,1163,21202.0
2026,7,FAY,27,0.0,0.0,11.0,484.0,27,1669.0
2026,7,FCA,390,6.0,6.0,80.0,6956.0,384,9412.0
2026,7,FLG,123,11.0,3.0,38.0,2135.0,112,7427.0
2026,7,FLL,7161,282.0,47.0,2547.0,131937.0,6879,197868.0
2026,7,FMN,31,0.0,1.0,3.0,353.0,31,542.0
2026,7,FNT,229,7.0,2.0,58.0,3250.0,222,10130.0
2026,7,FOD,62,4.0,0.0,19.0,1221.0,58,2496.0
2026,7,FSD,711,14.0,2.0,141.0,11668.0,697,16638.0
2026,7,FSM,117,0.0,0.0,21.0,1861.0,117,2287.0
2026,7,FWA,527,15.0,1.0,111.0,9302.0,512,12477.0
2026,7,GCC,78,0.0,1.0,14.0,1713.0,78,1423.0
2026,7,GCK,61,0.0,0.0,7.0,709.0,61,908.0
2026,7,GEG,1779,12.0,7.0,360.0,26397.0,1767,27497.0
2026,7,GFK,115,0.0,0.0,11.0,1891.0,115,1253.0
2026,7,GGG,60,1.0,0.0,8.0,627.0,59,540.0
2026,7,GJT,448,0.0,1.0,91.0,9331.0,448,8448.0
2026,7,GNV,233,1.0,0.0,44.0,2927.0,232,4350.0
2026,7,GPT,233,3.0,1.0,53.0,3163.0,230,5004.0
2026,7,GRB,376,6.0,0.0,45.0,5097.0,370,4879.0
2026,7,GRI,76,0.0,0.0,29.0,1204.0,76,3148.0
2026,7,GRK,185,2.0,1.0,32.0,2703.0,183,2175.0
2026,7,GRR,1674,51.0,14.0,391.0,25520.0,1623,41020.0
2026,7,GSO,824,34.0,1.0,230.0,12909.0,790,22559.0
2026,7,GSP,1303,44.0,8.0,365.0,19791.0,1259,30381.0
2026,7,GST,31,2.0,0.0,8.0,277.0,29,378.0
2026,7,GTF,187,0.0,2.0,20.0,2475.0,187,3551.0
2026,7,GTR,31,0.0,0.0,17.0,620.0,31,1653.0
2026,7,GUC,123,0.0,1.0,27.0,2565.0,123,2821.0
2026,7,GUF,133,3.0,0.0,43.0,1714.0,130,5798.0
2026,7,GUM,62,6.0,0.0,7.0,941.0,56,1343.0
2026,7,HDN,136,1.0,1.0,29.0,2845.0,135,2253.0
2026,7,HEZ,31,1.0,0.0,6.0,535.0,30,958.0
2026,7,HGR,35,0.0,0.0,12.0,569.0,35,2878.0
2026,7,HHH,301,9.0,11.0,64.0,4553.0,292,10313.0
2026,7,HIB,55,1.0,0.0,8.0,782.0,54,1116.0
2026,7,HLN,123,0.0,1.0,16.0,1985.0,123,1563.0
2026,7,HNL,5112,39.0,7.0,799.0,88595.0,5073,53261.0
2026,7,HOB,30,0.0,0.0,6.0,427.0,30,1052.0
2026,7,HOU,4773,47.0,25.0,1728.0,60437.0,4726,104302.0
2026,7,HPN,885,73.0,8.0,220.0,15874.0,812,31682.0
2026,7,HRL,322,2.0,2.0,87.0,3797.0,320,8103.0
2026,7,HSV,732,18.0,3.0,162.0,11248.0,714,16417.0
2026,7,HTS,68,2.0,0.0,35.0,549.0,66,2109.0
2026,7,HYA,140,15.0,0.0,34.0,2372.0,125,3290.0
2026,7,HYS,54,1.0,0.0,14.0,751.0,53,2842.0
2026,7,IAD,5258,170.0,24.0,1258.0,124289.0,5088,131146.0
2026,7,IAG,31,1.0,1.0,7.0,365.0,30,485.0
2026,7,IAH,10244,133.0,73.0,2692.0,212850.0,10111,223454.0
2026,7,ICT,1064,18.0,5.0,200.0,15603.0,1046,19195.0
2026,7,IDA,514,3.0,5.0,118.0,9120.0,511,11262.0
2026,7,ILM,750,37.0,3.0,209.0,12216.0,713,23773.0
2026,7,IMT,62,2.0,0.0,11.0,799.0,60,1372.0
2026,7,IND,4405,130.0,23.0,984.0,61383.0,4275,79500.0
2026,7,INL,61,0.0,0.0,13.0,756.0,61,1273.0
2026,7,ISP,443,12.0,4.0,137.0,5259.0,431,12698.0
2026,7,ITO,545,2.0,0.0,84.0,5164.0,543,4262.0
2026,7,JAC,863,20.0,32.0,284.0,15559.0,843,32102.0
2026,7,JAN,520,12.0,0.0,114.0,7647.0,508,10931.0
2026,7,JAX,2720,101.0,17.0,754.0,40513.0,2619,72644.0
2026,7,JFK,9185,998.0,37.0,2729.0,265669.0,8187,273828.0
2026,7,JLN,54,2.0,1.0,9.0,779.0,52,1512.0
2026,7,JMS,54,0.0,0.0,8.0,1124.0,54,823.0
2026,7,JNU,525,4.0,0.0,60.0,5402.0,521,3803.0
2026,7,JST,54,2.0,0.0,14.0,883.0,52,2284.0
2026,7,KOA,1415,7.0,0.0,174.0,16597.0,1408,11339.0
2026,7,KTN,248,2.0,0.0,28.0,2257.0,246,1489.0
2026,7,LAF,49,3.0,0.0,5.0,733.0,46,616.0
2026,7,LAN,150,7.0,0.0,36.0,2600.0,143,5629.0
2026,7,LAR,54,1.0,0.0,16.0,1464.0,53,1550.0
2026,7,LAS,14315,145.0,89.0,4717.0,256979.0,14170,315327.0
2026,7,LAW,92,1.0,0.0,22.0,1476.0,91,2277.0
2026,7,LAX,17454,210.0,131.0,4399.0,324434.0,17244,323104.0
2026,7,LBB,550,4.0,2.0,107.0,7902.0,546,9449.0
2026,7,LBF,53,0.0,0.0,13.0,824.0,53,2407.0
2026,7,LBL,54,0.0,0.0,12.0,760.0,54,830.0
2026,7,LCH,90,0.0,0.0,13.0,1232.0,90,921.0
2026,7,LCK,154,2.0,1.0,48.0,1943.0,152,4706.0
2026,7,LEX,925,26.0,3.0,217.0,14905.0,899,20889.0
2026,7,LFT,175,2.0,0.0,47.0,3108.0,173,6584.0
2026,7,LGA,11169,1111.0,72.0,3164.0,289960.0,10058,305155.0
2026,7,LGB,1196,8.0,4.0,242.0,14257.0,1188,12603.0
2026,7,LIH,1485,8.0,0.0,207.0,14846.0,1477,11724.0
2026,7,LIT,1253,15.0,4.0,266.0,18842.0,1238,21277.0
2026,7,LNK,365,8.0,0.0,62.0,7461.0,357,7088.0
2026,7,LNS,54,3.0,0.0,12.0,1048.0,51,1181.0
2026,7,LRD,141,2.0,0.0,20.0,1938.0,139,2174.0
2026,7,LSE,111,4.0,0.0,28.0,1171.0,107,2813.0
2026,7,LWB,62,4.0,0.0,17.0,1269.0,58,1760.0
2026,7,LWS,62,0.0,0.0,4.0,1238.0,62,272.0
2026,7,LYH,62,2.0,1.0,20.0,979.0,60,3329.0
2026,7,MAF,756,3.0,2.0,156.0,11262.0,753,14165.0
2026,7,MBS,179,1.0,0.0,36.0,2985.0,178,4522.0
2026,7,MCI,4761,82.0,31.0,1162.0,64923.0,4679,84968.0
2026,7,MCO,13136,317.0,71.0,4458.0,250502.0,12819,367230.0
2026,7,MCW,54,3.0,1.0,9.0,863.0,51,1673.0
2026,7,MDT,571,19.0,6.0,150.0,8287.0,552,17267.0
2026,7,MDW,7279,169.0,49.0,2932.0,105243.0,7110,177347.0
2026,7,MEI,54,0.0,0.0,13.0,654.0,54,1584.0
2026,7,MEM,2259,68.0,14.0,588.0,32053.0,2191,44875.0
2026,7,MFE,445,3.0,0.0,81.0,6263.0,442,11229.0
2026,7,MFR,519,4.0,2.0,108.0,8892.0,515,9746.0
2026,7,MGM,178,9.0,1.0,72.0,2790.0,169,9367.0
2026,7,MGW,54,3.0,0.0,13.0,982.0,51,3057.0
2026,7,MHK,123,2.0,0.0,18.0,1826.0,121,1647.0
2026,7,MHT,529,20.0,4.0,129.0,8003.0,509,14726.0
2026,7,MIA,9204,191.0,59.0,3155.0,202962.0,9013,272488.0
2026,7,MKE,2759,82.0,13.0,666.0,40530.0,2677,57323.0
2026,7,MLB,241,8.0,1.0,81.0,3786.0,233,7427.0
2026,7,MLI,386,14.0,0.0,69.0,5953.0,372,7682.0
2026,7,MLU,123,1.0,0.0,28.0,1782.0,122,2292.0
2026,7,MOB,171,1.0,1.0,49.0,2449.0,170,4008.0
2026,7,MOT,261,1.0,2.0,42.0,4617.0,260,4997.0
2026,7,MQT,116,5.0,0.0,34.0,1398.0,111,4843.0
2026,7,MRY,438,5.0,2.0,101.0,8642.0,433,9409.0
2026,7,MSN,1381,58.0,5.0,248.0,21378.0,1323,33805.0
2026,7,MSO,627,0.0,4.0,120.0,10460.0,627,10189.0
2026,7,MSP,10990,156.0,54.0,2483.0,188877.0,10834,183048.0
2026,7,MSY,3801,80.0,30.0,1210.0,49978.0,3721,99999.0
2026,7,MTJ,215,0.0,3.0,39.0,4175.0,215,5585.0
2026,7,MVY,312,29.0,1.0,69.0,5718.0,283,7460.0
2026,7,MYR,1331,39.0,6.0,422.0,16985.0,1292,43002.0
2026,7,OAJ,89,5.0,1.0,21.0,1743.0,84,3458.0
2026,7,OAK,2685,9.0,5.0,780.0,34365.0,2676,42482.0
2026,7,OGG,2326,13.0,2.0,307.0,24669.0,2313,26148.0
2026,7,OKC,2171,48.0,18.0,502.0,30609.0,2123,43880.0
2026,7,OMA,2401,42.0,20.0,536.0,33785.0,2359,49092.0
2026,7,OME,30,0.0,0.0,11.0,129.0,30,489.0
2026,7,ONT,2377,21.0,7.0,531.0,31099.0,2356,43158.0
2026,7,ORD,33010,1380.0,118.0,8908.0,913308.0,31630,808273.0
2026,7,ORF,1978,87.0,14.0,594.0,31338.0,1891,61885.0
2026,7,ORH,62,0.0,0.0,26.0,1077.0,62,3910.0
2026,7,OTH,62,0.0,2.0,34.0,1286.0,62,1831.0
2026,7,OTZ,30,1.0,0.0,4.0,150.0,29,194.0
2026,7,PAE,105,2.0,4.0,9.0,1317.0,103,638.0
2026,7,PAH,62,0.0,1.0,8.0,777.0,62,1405.0
2026,7,PBG,34,0.0,0.0,17.0,555.0,34,1416.0
2026,7,PBI,2102,112.0,21.0,573.0,29632.0,1990,58068.0
2026,7,PDX,6304,58.0,36.0,1293.0,99278.0,6246,91300.0
2026,7,PGD,566,0.0,1.0,123.0,7253.0,566,9222.0
2026,7,PHL,10012,570.0,47.0,3309.0,239913.0,9442,310748.0
2026,7,PHX,16096,144.0,84.0,4737.0,266472.0,15952,350926.0
2026,7,PIA,472,13.0,0.0,109.0,7522.0,459,13796.0
2026,7,PIB,54,1.0,0.0,13.0,768.0,53,954.0
2026,7,PIE,969,0.0,4.0,255.0,14627.0,969,22493.0
2026,7,PIH,61,0.0,0.0,6.0,909.0,61,713.0
2026,7,PIR,53,0.0,1.0,12.0,954.0,53,1908.0
2026,7,PIT,3910,151.0,15.0,914.0,59680.0,3759,80001.0
2026,7,PLN,114,4.0,0.0,19.0,1944.0,110,1681.0
2026,7,PNS,1358,27.0,9.0,414.0,18706.0,1331,37969.0
2026,7,PQI,31,2.0,0.0,2.0,200.0,29,153.0
2026,7,PRC,85,1.0,0.0,17.0,1795.0,84,1989.0
2026,7,PSC,505,4.0,3.0,63.0,8713.0,501,5362.0
2026,7,PSE,84,3.0,0.0,4.0,1043.0,81,293.0
2026,7,PSG,62,1.0,0.0,3.0,470.0,61,187.0
2026,7,PSM,36,0.0,0.0,12.0,621.0,36,952.0
2026,7,PSP,791,3.0,19.0,174.0,14339.0,788,13669.0
2026,7,PVD,1361,88.0,9.0,349.0,20392.0,1273,34838.0
2026,7,PVU,250,2.0,0.0,36.0,4598.0,248,3411.0
2026,7,PWM,1251,71.0,8.0,314.0,18932.0,1180,32796.0
2026,7,RAP,727,5.0,11.0,154.0,12105.0,722,14281.0
2026,7,RDD,144,0.0,1.0,35.0,2855.0,144,3121.0
2026,7,RDM,596,1.0,3.0,134.0,10987.0,595,10135.0
2026,7,RDU,4787,194.0,19.0,1409.0,80770.0,4593,146280.0
2026,7,RFD,98,0.0,0.0,26.0,1178.0,98,2088.0
2026,7,RHI,93,2.0,0.0,16.0,1368.0,91,1500.0
2026,7,RIC,1696,78.0,15.0,510.0,26095.0,1618,44954.0
2026,7,RIW,62,0.0,1.0,11.0,925.0,62,2499.0
2026,7,RKS,62,0.0,3.0,14.0,1095.0,62,1827.0
2026,7,RNO,2124,17.0,6.0,491.0,34905.0,2107,33597.0
2026,7,ROA,222,10.0,1.0,81.0,4033.0,212,7777.0
2026,7,ROC,966,56.0,5.0,272.0,13441.0,910,21765.0
2026,7,ROW,154,1.0,1.0,35.0,2525.0,153,2514.0
2026,7,RST,123,5.0,0.0,31.0,2333.0,118,4794.0
2026,7,RSW,2054,61.0,18.0,489.0,29859.0,1993,45943.0
2026,7,SAF,407,5.0,6.0,74.0,8169.0,402,8046.0
2026,7,SAN,9345,121.0,62.0,3126.0,206903.0,9224,193536.0
2026,7,SAT,3471,35.0,11.0,838.0,45947.0,3436,64111.0
2026,7,SAV,1680,58.0,7.0,504.0,25057.0,1622,44361.0
2026,7,SBA,745,1.0,4.0,154.0,13067.0,744,12042.0
2026,7,SBN,676,10.0,5.0,174.0,11461.0,666,20276.0
2026,7,SBP,357,3.0,2.0,96.0,7195.0,354,11192.0
2026,7,SCC,45,1.0,0.0,8.0,364.0,44,840.0
2026,7,SCE,31,0.0,0.0,2.0,449.0,31,127.0
2026,7,SCK,45,0.0,0.0,10.0,518.0,45,457.0
2026,7,SDF,2015,52.0,17.0,428.0,29259.0,1963,35361.0
2026,7,SEA,16214,124.0,76.0,4259.0,369801.0,16090,271315.0
2026,7,SFB,1025,4.0,3.0,335.0,18294.0,1021,36616.0
2026,7,SFO,13841,159.0,92.0,4851.0,342737.0,13682,338603.0
2026,7,SGF,859,18.0,4.0,198.0,13052.0,841,16498.0
2026,7,SGU,332,0.0,3.0,45.0,6500.0,332,4532.0
2026,7,SHD,62,0.0,2.0,14.0,1133.0,62,2636.0
2026,7,SHR,62,2.0,2.0,12.0,1133.0,60,1288.0
2026,7,SHV,633,9.0,2.0,155.0,10241.0,624,18082.0
2026,7,SIT,155,1.0,0.0,13.0,1438.0,154,890.0
2026,7,SJC,3980,25.0,17.0,937.0,59091.0,3955,55396.0
2026,7,SJT,92,0.0,0.0,14.0,1550.0,92,1357.0
2026,7,SJU,3326,109.0,25.0,991.0,48067.0,3217,85874.0
2026,7,SLC,10368,87.0,51.0,1974.0,193529.0,10281,150136.0
2026,7,SLN,83,0.0,0.0,12.0,1091.0,83,1743.0
2026,7,SMF,5071,48.0,17.0,1181.0,69404.0,5023,77678.0
2026,7,SMX,9,0.0,0.0,3.0,106.0,9,145.0
2026,7,SNA,3992,45.0,35.0,1025.0,66120.0,3947,79647.0
2026,7,SPI,71,2.0,0.0,13.0,882.0,69,1705.0
2026,7,SPN,31,3.0,0.0,9.0,390.0,28,351.0
2026,7,SPS,62,0.0,0.0,15.0,1111.0,62,1894.0
2026,7,SRQ,1185,21.0,10.0,310.0,16425.0,1164,34139.0
2026,7,STC,9,0.0,0.0,2.0,60.0,9,89.0
2026,7,STL,5725,101.0,35.0,1889.0,67635.0,5624,129284.0
2026,7,STS,629,8.0,2.0,122.0,10628.0,621,7797.0
2026,7,STT,448,2.0,20.0,120.0,6401.0,446,10087.0
2026,7,STX,100,0.0,1.0,25.0,1319.0,100,4744.0
2026,7,SUN,273,1.0,5.0,43.0,5305.0,272,4826.0
2026,7,SUX,80,2.0,1.0,19.0,1550.0,78,1352.0
2026,7,SWF,61,2.0,1.0,32.0,835.0,59,3195.0
2026,7,SWO,62,0.0,0.0,7.0,997.0,62,562.0
2026,7,SYR,985,31.0,1.0,247.0,15362.0,954,24802.0
2026,7,TLH,434,16.0,2.0,93.0,6566.0,418,9621.0
2026,7,TOL,30,0.0,1.0,6.0,298.0,30,281.0
2026,7,TPA,6106,133.0,28.0,1774.0,95744.0,5973,143194.0
2026,7,TRI,180,3.0,0.0,50.0,2484.0,177,6594.0
2026,7,TTN,108,3.0,0.0,33.0,2284.0,105,4824.0
2026,7,TUL,1613,25.0,5.0,319.0,23970.0,1588,25759.0
2026,7,TUS,1398,3.0,5.0,284.0,22061.0,1395,20611.0
2026,7,TVC,909,37.0,8.0,263.0,14014.0,872,19464.0
2026,7,TWF,85,0.0,0.0,3.0,1317.0,85,192.0
2026,7,TXK,62,0.0,0.0,15.0,964.0,62,1164.0
2026,7,TYR,92,0.0,0.0,15.0,1137.0,92,1502.0
2026,7,TYS,1352,24.0,8.0,354.0,21808.0,1328,37041.0
2026,7,USA,62,0.0,0.0,35.0,1105.0,62,3422.0
2026,7,VCT,54,0.0,0.0,12.0,804.0,54,2568.0
2026,7,VPS,1331,24.0,3.0,398.0,22537.0,1307,37449.0
2026,7,VRB,92,11.0,0.0,22.0,1435.0,81,3030.0
2026,7,WRG,62,1.0,0.0,5.0,305.0,61,186.0
2026,7,WYS,78,0.0,2.0,14.0,1335.0,78,1234.0
2026,7,XNA,1462,42.0,10.0,296.0,25452.0,1420,31901.0
2026,7,XWA,200,0.0,4.0,42.0,4433.0,200,4454.0
2026,7,YAK,62,0.0,0.0,9.0,295.0,62,397.0
2026,7,YUM,122,1.0,0.0,16.0,2002.0,121,2474.0
