airport_ident,length_ft,surface,closed,le_ident,he_ident,qualifying
00AN,4517.0,GVL,0,3,21,False
01A,1176.0,GRAVEL-F,0,5,23,False
07FA,4500.0,ASP-G,0,04,22,False
16A,2420.0,GRVL-G,0,18,36,False
16A,3000.0,WATER,0,NE,SW,False
1Z1,4000.0,DIRT-G,0,16,34,False
26N,2972.0,ASPH-G,0,06,24,False
2AK,1500.0,GRVL-F,0,10,28,False
2AK1,1555.0,TURF,0,15,33,False
2TA8,5499.0,ASPH,0,13,31,True
38WA,2200.0,ASPH,0,01,19,False
3T4,3300.0,GRVL-E,0,08,26,False
3W2,2870.0,ASP,0,03,21,False
4A2,3000.0,GRAVEL-G,0,15,33,False
4AK1,5000.0,GRVL,0,02,20,False
4K0,3002.0,GRVL-G,0,09,27,False
4K5,3300.0,GRVL-G,0,08,26,False
4KA,1778.0,GRVL-P,0,08,26,False
51Z,2000.0,GRVL-G,0,01,19,False
57B,2400.0,ASPH-E,0,01,19,False
57B,40.0,ASP,0,20EXIT,200IN,False
5AK0,4500.0,GRVL-DIRT,0,17,35,False
5D5,3663.0,TURF-G,0,09,27,False
5D5,2670.0,TURF-F,0,16,34,False
5NK,1950.0,GRVL-F,0,08,26,False
5NK,2000.0,WATER,0,08W,26W,False
5NK,1850.0,GRVL-F,0,14,32,False
5Z5,1887.0,GRVL-F,0,10,28,False
6B0,3206.0,ASPH-G,0,01,19,False
76AK,3000.0,GRVL,0,07,25,False
7KA,3701.0,GRVL-E,0,13,31,False
7KA,8000.0,WATER,0,13W,31W,False
7NC2,3450.0,ASPH,0,17,35,False
88NV,5280.0,DIRT,1,04,22,False
88NV,6022.0,Dirt,0,5L,23R,False
88NV,6015.0,Dirt,0,5R,23L,False
88NV,50.0,Dirt,0,H1,,False
88NV,50.0,Dirt,0,H2,,False
88NV,50.0,Dirt,0,H3,,False
89TE,6501.0,ASPH,0,07,25,True
97TX,3600.0,GRVL,0,15,33,False
99CL,3700.0,ASPH,0,04,22,False
99CL,3200.0,ASPH-P,0,07,25,False
99CL,3700.0,ASPH-P,0,16,34,False
9A3,3401.0,GRVL-E,0,9,27,False
9A8,3100.0,GRVL-F,0,06,24,False
9Z8,3284.0,GRVL-F,0,01,19,False
A61,3005.0,GRAVEL-G,0,02,20,False
A63,3000.0,GRAVEL-G,0,18,36,False
AK75,3880.0,GRVL-F,0,02,20,False
AK90,1800.0,TURF,0,16,34,False
AL71,4500.0,ASPH,0,08,26,False
C56,5002.0,CONC-E,0,09,27,True
CHP,3650.0,GRVL-F,0,08,26,False
CJX,1997.0,GRVL-DIRT-P,0,13,31,False
CKU,1800.0,GRVL-G,0,06,24,False
CKU,8000.0,WATER,0,09W,27W,False
CKX,2500.0,GRAVEL-G,0,13,31,False
CXC,2850.0,GRVL-DIRT-G,0,13,31,False
CZN,3000.0,TURF-GRVL-F,0,12,30,False
D38,5500.0,ASPH-G,0,13,31,True
DCK,4780.0,GRAVEL-P,0,08,26,False
FA54,6000.0,ASPH-F,0,05,23,True
FD38,4055.0,ASP,0,16,34,False
FLT,4045.0,TURF-GRVL-P,0,08,26,False
FWB,5002.0,CONC-G,0,03,21,True
GA14,5600.0,ASPH,0,09,27,True
GNU,2835.0,GRVL-F,0,05,23,False
I19,5004.0,ASPH-F,0,07,25,True
JLA,2200.0,GRVL-DIRT-F,0,04,22,False
K05C,4900.0,ASPH-G,0,08,26,False
K06U,6180.0,ASPH-E,0,15,33,True
K09A,4080.0,ASPH-F,0,11,29,False
K0A9,5001.0,ASPH-G,0,06,24,True
K0B5,3200.0,ASPH-F,0,16,34,False
K0B8,1806.0,ASPH-E,0,07,25,False
K0B8,2345.0,ASPH-E,0,12,30,False
K0G7,4592.0,ASPH-G,0,01,19,False
K0G7,1850.0,TURF-G,0,10,28,False
K0R3,5000.0,ASPH-G,0,16,34,True
K0S9,3000.0,ASPH-G,0,09,27,False
K0V7,7140.0,ASPH-P,0,05,23,True
K12D,3400.0,ASPH-G,0,08,26,False
K19N,3094.0,ASPH-G,0,05,23,False
K1A5,5002.0,ASPH-G,0,07,25,True
K1A9,5400.0,ASPH-G,0,09,27,True
K1B0,1249.0,GRE,0,07,25,False
K1B0,3008.0,ASPH-F,0,16,34,False
K1B1,5350.0,ASPH-G,0,03,21,True
K1B2,3700.0,TURF-G,0,03,21,False
K1B2,2700.0,TURF-G,0,06,24,False
K1B2,2600.0,TURF-G,0,17,35,False
K1B9,2059.0,TURF-G,0,04,22,False
K1B9,3500.0,ASPH-G,0,14,32,False
K1C5,3360.0,ASPH-G,0,18,36,False
K1G3,4000.0,ASPH-G,0,01,19,False
K1G3,2400.0,GRS,1,05,23,False
K1G3,1170.0,GRS,1,09,27,False
K1G4,5000.0,ASPH-G,0,17,35,True
K1G5,2868.0,ASPH-G,0,01,19,False
K1G5,3556.0,ASPH-P,0,09,27,False
K1H2,3400.0,ASPH-G,0,01,19,False
K1H2,5103.0,CONC-G,0,11,29,True
K1L7,5032.0,ASPH-F,0,13,31,True
K1M5,5003.0,ASPH-G,0,01,19,True
K1R7,5000.0,ASPH-G,0,04,22,True
K20N,3100.0,ASPH-G,0,15,33,False
K20V,5540.0,ASPH-G,0,09,27,True
K21D,2496.0,ASPH-G,0,04,22,False
K21D,3504.0,ASPH-G,0,14,32,False
K24R,3400.0,ASPH-G,0,12,30,False
K27K,5498.0,ASPH-F,0,03,21,True
K2B3,1997.0,TURF-G,0,12,30,False
K2B3,3446.0,ASPH-F,0,18,36,False
K2B7,4000.0,ASPH-G,0,01,19,False
K2F1,3600.0,ASPH-F,0,17,35,False
K2G4,5000.0,ASPH-E,0,09,27,True
K2G9,2729.0,ASPH-TURF-G,0,14,32,False
K2G9,5002.0,ASPH-G,0,7,25,True
K2O1,4105.0,ASPH-G,0,06,24,False
K2R0,5000.0,ASPH-G,0,02,20,True
K2RR,4950.0,ASPH-F,0,16,34,False
K2V5,5040.0,ASP,1,14,32,False
K2V5,5399.0,ASPH-G,0,17,35,True
K2W5,3740.0,TURF-F,0,02,20,False
K2W5,3000.0,ASPH-F,0,18,36,False
K31E,3670.0,ASPH-G,0,14,32,False
K33N,4201.0,ASPH-G,0,09,27,False
K39N,3499.0,ASP,0,10,28,False
K3CU,2194.0,GRS,0,08,26,False
K3CU,3709.0,ASP,0,16,34,False
K3J1,4200.0,ASPH-F,0,36,18,False
K3J7,5500.0,ASP,0,07,25,True
K3R7,5002.0,ASP,0,08,26,True
K3R7,3601.0,ASP,0,13,31,False
K3R7,1977.0,GRS,0,17,35,False
K3R9,3930.0,ASP,0,16,34,False
K3T5,5001.0,ASP,0,16,34,True
K40G,4199.0,ASP,0,01,19,False
K44N,3828.0,ASP,0,17,35,False
K44U,3855.0,ASP,0,02,20,False
K47A,5003.0,ASP,0,05,23,True
K47N,3507.0,ASP,0,07,25,False
K49R,3975.0,ASP,0,15,33,False
K4A7,5509.0,ASP,0,06,24,True
K4B8,3666.0,ASP,0,02,20,False
K4G6,5000.0,ASP,0,18,36,True
K4I3,5504.0,ASP,0,10,28,True
K4J2,5002.0,ASP,0,10,28,True
K4R4,6604.0,ASP,0,01,19,True
K4S2,3040.0,ASP,0,07,25,False
K55J,5301.0,ASP,0,04,22,True
K55J,5000.0,ASP,0,09,27,True
K55J,5152.0,ASP,0,13,31,True
K55J,3580.0,ASP,1,18,36,False
K5B2,4699.0,PEM,0,05,23,False
K5B2,4000.0,PEM,0,14,32,False
K5C1,5006.0,ASP,0,17,35,True
K5F1,2210.0,ASP,0,06,24,False
K5F1,4200.0,ASP,0,17,35,False
K5N8,3901.0,CON,0,13,31,False
K5T6,9550.0,ASP,0,10,28,True
K60J,4198.0,ASP,0,06,24,False
K60R,5003.0,ASP,0,17,35,True
K61B,5103.0,ASP,0,09,27,True
K61B,2200.0,ASP,1,09L,27R,False
K61B,3852.0,ASP,0,15,33,False
K6A1,2405.0,GRS,0,06,24,False
K6A1,4000.0,ASP,0,18,36,False
K6B9,3322.0,GRS,0,04,22,False
K6B9,3134.0,ASP,0,10,28,False
K6I2,5001.0,ASP,0,11,29,True
K6M0,4048.0,ASP,0,18,36,False
K6S5,5200.0,ASP,0,17,35,True
K77S,3101.0,ASP,0,15,33,False
K7B2,3365.0,ASP,0,14,32,False
K7W6,5002.0,ASP,0,11,29,True
K8A0,6114.0,ASP,0,05,23,True
K8A1,3368.0,ASP,1,03,21,False
K8A1,5005.0,concrete,0,07,25,True
K8B0,3200.0,ASP,0,14,32,False
K8T6,3799.0,ASP,0,13,31,False
K9A1,6000.0,ASP,0,10,28,True
K9A5,4999.0,ASP,0,02,20,False
K9D4,3786.0,ASP,0,01,19,False
K9U4,7000.0,ASP,0,06,24,True
K9V9,4299.0,ASP,0,13,31,False
K9V9,3403.0,GRS,0,18,36,False
KA08,6400.0,ASP,0,16,34,True
KA30,3700.0,ASP,0,16,34,False
KA32,4300.0,ASP,0,16,34,False
KA34,5343.0,ASP,0,05,23,True
KAAF,5271.0,CON,0,06,24,True
KAAF,5425.0,CON,0,14,32,True
KAAF,5251.0,CON,0,18,36,True
KAAO,6101.0,CON,0,18,36,True
KABE,7599.0,ASP,0,06,24,True
KABE,5800.0,ASP,0,13,31,True
KABI,3678.0,ASP,0,04,22,False
KABI,7198.0,ASP,0,17L,35R,True
KABI,7208.0,ASP,0,17R,35L,True
KABQ,10000.0,CONC-G,0,03,21,True
KABQ,13793.0,CONC-G,0,08,26,True
KABQ,6000.0,CONC-G,0,12,30,True
KABQ,10000.0,ASPH-CONC-F,1,17,35,False
KABR,6901.0,CON,0,13,31,True
KABR,5500.0,ASP,0,17,35,True
KABY,6601.0,ASP,0,05,23,True
KABY,5200.0,ASP,0,17,35,True
KACJ,6011.0,ASP,0,05,23,True
KACJ,3786.0,ASP,0,10,28,False
KACK,6303.0,ASP,0,06,24,True
KACK,2696.0,ASP,1,12,30,False
KACK,4500.0,ASP,0,15,33,False
KACT,7107.0,ASP,0,01,19,True
KACT,5103.0,ASP,0,14,32,True
KACV,4501.0,ASP,0,01,19,False
KACV,6046.0,ASP,0,14,32,True
KACY,6145.0,PEM,0,04,22,True
KACY,10001.0,ASP,0,13,31,True
KADM,6761.0,CON,1,04,22,False
KADM,7225.0,CON,1,08,26,False
KADM,9002.0,CON,0,13,31,True
KADM,5404.0,ASP,0,17,35,True
KADS,7203.0,ASP,0,16,34,True
KADW,11301.0,CON,0,01L,19R,True
KADW,9756.0,PEM,0,01R,19L,True
KAEG,7398.0,ASP,0,04,22,True
KAEG,5983.0,ASP,0,17,35,True
KAEJ,8303.0,ASP,0,15,33,True
KAEX,9352.0,CON,0,14,32,True
KAEX,8503.0,ASP,0,18,36,True
KAFJ,5004.0,ASP,0,09,27,True
KAFO,7025.0,ASP,0,16,34,True
KAFW,11000.0,CONC-GRVD,0,16L,34R,True
KAFW,11125.0,CONC-GRVD,0,16R,34L,True
KAGC,6501.0,CON,0,10,28,True
KAGC,3825.0,CON,0,13,31,False
KAGC,47.0,CONC-G,0,H1,H1,False
KAGS,6001.0,ASP,0,08,26,True
KAGS,8001.0,ASP,0,17,35,True
KAHN,3995.0,ASP,0,02,20,False
KAHN,6122.0,ASP,0,09,27,True
KAIA,6190.0,ASP,0,08,26,True
KAIA,9203.0,ASP,0,12,30,True
KAIA,6311.0,ASP,0,17,35,True
KAIK,3800.0,ASPH-G,0,01,19,False
KAIK,5500.0,ASPH-G,0,07,25,True
KAIV,5001.0,ASP,0,06,24,True
KAIZ,6497.0,ASP,0,04,22,True
KAJR,5503.0,ASP,0,06,24,True
KAKO,7001.0,ASP,0,11,29,True
KAKR,2336.0,ASP,1,01,19,False
KAKR,6336.0,ASP,0,07,25,True
KALB,8500.0,ASP,0,01,19,True
KALB,7200.0,ASP,0,10,28,True
KALI,4171.0,ASP,1,08,26,False
KALI,5997.0,ASP,0,13,31,True
KALI,4490.0,ASP,0,17,35,False
KALM,9207.0,ASP,0,04,22,True
KALM,3512.0,GRE,1,16,34,False
KALN,8099.0,ASP,0,11,29,True
KALN,6500.0,ASP,0,17,35,True
KALO,5403.0,ASP,1,06,24,False
KALO,8399.0,ASP,0,12,30,True
KALO,6003.0,ASP,0,18,36,True
KALS,8521.0,ASP,0,02,20,True
KALS,3200.0,GRE,1,06,24,False
KALW,6527.0,ASP,0,02,20,True
KALW,4486.0,PEM,1,07,25,False
KALW,5948.0,PEM,1,16,34,False
KALX,5422.0,ASP,0,18,36,True
KAMA,13502.0,CON,0,04,22,True
KAMA,7901.0,CON,0,13,31,True
KAMN,5004.0,ASP,0,09,27,True
KAMN,3198.0,ASP,0,18,36,False
KAMW,5701.0,ASP,0,01,19,True
KAMW,3491.0,ASP,0,13,31,False
KANB,7002.0,ASP,0,05,23,True
KAND,6002.0,ASP,0,05,23,True
KAND,4996.0,ASP,0,17,35,False
KANE,5000.0,ASP,0,09,27,True
KANE,4855.0,ASP,0,18,36,False
KANJ,5234.0,ASP,0,14,32,True
KANP,2505.0,ASP,0,12,30,False
KAOH,6000.0,ASP,0,10,28,True
KAOH,3994.0,COM,1,14,32,False
KAOO,5465.0,ASP,0,03,21,True
KAOO,3668.0,ASP,0,12,30,False
KAPA,4800.0,ASP,0,10,28,False
KAPA,10001.0,ASP,0,17L,35R,True
KAPA,7001.0,ASP,0,17R,35L,True
KAPC,5930.0,ASP,0,01L,19R,True
KAPC,2510.0,ASP,0,01R,19L,False
KAPC,5008.0,CON,0,6,24,True
KAPF,6600.0,ASP,0,05,23,True
KAPF,5001.0,ASP,0,14,32,True
KAPF,1850.0,TURF,0,NE,SW,False
KAPN,9001.0,CON,0,01,19,True
KAPN,5028.0,CON,0,07,25,True
KAPT,3498.0,ASP,0,04,22,False
KAPV,4100.0,ASP,0,08,26,False
KAPV,6498.0,ASP,0,18,36,True
KAQO,3209.0,GRS,0,13,31,False
KAQO,4202.0,ASP,0,17,35,False
KAQW,4300.0,ASP,0,11,29,False
KARA,8002.0,CON,0,16,34,True
KARA,5000.0,WATER,0,16W,34W,False
KARB,3505.0,CON,0,06,24,False
KARB,2750.0,GRS,1,12,30,False
KARG,6001.0,CON,0,04,22,True
KARG,5003.0,CON,0,13,31,True
KARG,5001.0,CON,0,18,36,True
KARR,6501.0,CON,0,09,27,True
KARR,5503.0,CON,0,15,33,True
KARR,3198.0,ASP,0,18,36,False
KART,4999.0,ASP,0,07,25,False
KART,7001.0,ASP,0,10,28,True
KARV,3602.0,ASP,0,10,28,False
KARV,5150.0,ASP,0,18,36,True
KARW,3434.0,ASP,0,07,25,False
KASE,8006.0,ASP,0,15,33,True
KASH,6000.0,ASP,0,14,32,True
KAST,5794.0,ASP,0,08,26,True
KAST,4467.0,ASP,0,14,32,False
KATL,9000.0,CON,0,08L,26R,True
KATL,9999.0,CON,0,08R,26L,True
KATL,12390.0,CON,0,09L,27R,True
KATL,9000.0,CON,0,09R,27L,True
KATL,9000.0,CON,0,10,28,True
KATS,6800.0,ASP,0,04,22,True
KATS,6132.0,ASP,0,13,31,True
KATW,8003.0,CON,0,03,21,True
KATW,6502.0,CON,0,12,30,True
KATY,6898.0,ASP,0,12,30,True
KATY,6893.0,ASP,0,17,35,True
KAUG,2613.0,ASP,0,08,26,False
KAUG,5002.0,ASP,0,17,35,True
KAUN,3700.0,ASP,0,07,25,False
KAUO,4000.0,ASP,0,11,29,False
KAUO,5264.0,ASP,0,18,36,True
KAUS,9000.0,CON,0,18L,36R,True
KAUS,12250.0,CON,0,18R,36L,True
KAVL,8002.0,ASP,0,17,35,True
KAVO,5374.0,ASP,0,05,23,True
KAVO,3844.0,ASP,0,10,28,False
KAVP,7502.0,ASP,0,04,22,True
KAVP,4300.0,ASP,0,10,28,False
KAVQ,3892.0,ASP,0,03,21,False
KAVQ,6901.0,ASP,0,12,30,True
KAWM,6003.0,CON,0,17,35,True
KAXN,4098.0,ASP,0,04,22,False
KAXN,5099.0,ASP,0,13,31,True
KAXQ,5003.0,ASP,0,06,24,True
KAXV,5500.0,ASP,0,08,26,True
KAXV,2685.0,GRS,1,18,36,False
KAXX,8900.0,ASP,0,17,35,True
KAZO,3438.0,ASP,0,05,23,False
KAZO,2800.0,ASP,0,09,27,False
KAZO,6502.0,ASP,0,17,35,True
KB16,3630.0,ASP,0,10L,28R,False
KB16,2800.0,GRS,0,10R,28L,False
KB19,3000.0,ASP,0,06,24,False
KBAD,11758.0,PEM,0,15,33,True
KBAF,9000.0,ASP,0,02,20,True
KBAF,5000.0,ASP,0,15,33,True
KBAZ,6503.0,ASP,0,13,31,True
KBAZ,5364.0,ASP,0,17,35,True
KBBG,7140.0,CONC-G,0,14,32,True
KBCB,2850.0,ASP,1,08,26,False
KBCB,5501.0,ASP,0,13,31,True
KBCE,7395.0,ASP,0,03,21,True
KBCT,6276.0,ASP,0,05,23,True
KBDL,9510.0,ASP,0,06,24,True
KBDL,5145.0,ASP,1,1,19,False
KBDL,6847.0,ASP,0,15,33,True
KBDN,5201.0,ASPH-E,0,17,35,True
KBDR,4677.0,ASP,0,06,24,False
KBDR,4759.0,ASP,0,11,29,False
KBDR,3200.0,ASP,1,17,35,False
KBDU,4100.0,ASPH-G,0,08,26,False
KBDU,4100.0,ASPH-TURF-F,0,08G,26G,False
KBED,5107.0,ASP,0,05,23,True
KBED,7011.0,ASP,0,11,29,True
KBEH,6006.0,ASP,0,10,28,True
KBEH,3205.0,ASP,0,14,32,False
KBEH,2498.0,ASP,1,18,36,False
KBFA,5187.0,ASP,0,17,35,True
KBFD,4499.0,ASP,0,05,23,False
KBFD,6307.0,ASP,0,14,32,True
KBFF,8002.0,ASP,0,05,23,True
KBFF,8279.0,ASP,0,12,30,True
KBFI,3709.0,ASP,0,14L,32R,False
KBFI,10007.0,ASP,0,14R,32L,True
KBFK,4000.0,ASP,0,17,35,False
KBFL,10849.0,ASP,0,12L,30R,True
KBFL,7700.0,ASP,0,12R,30L,True
KBFM,9618.0,PEM,0,14,32,True
KBFM,7800.0,PEM,0,18,36,True
KBGD,3897.0,ASP,0,03,21,False
KBGD,6299.0,ASP,0,17,35,True
KBGE,5000.0,ASP,1,05L,23R,False
KBGE,4500.0,ASP,1,05R,23L,False
KBGE,5502.0,ASP,0,09,27,True
KBGE,5100.0,ASP,1,09R,27L,False
KBGE,5003.0,ASP,0,14,32,True
KBGF,5003.0,ASP,0,18,36,True
KBGM,5001.0,ASP,0,10,28,True
KBGM,7305.0,ASP,0,16,34,True
KBGR,11440.0,ASP,0,15,33,True
KBHB,5200.0,ASP,0,04,22,True
KBHB,3599.0,GRS,1,11,29,False
KBHB,3363.0,ASP,0,17,35,False
KBHM,12007.0,ASP,0,06,24,True
KBHM,7099.0,ASP,0,18,36,True
KBID,2502.0,ASPH-E,0,10,28,False
KBIF,13554.0,PEM,0,04,22,True
KBIH,5567.0,ASP,0,08,26,True
KBIH,7498.0,ASP,0,12,30,True
KBIH,5600.0,ASP,0,17,35,True
KBIL,5501.0,ASP,0,07,25,True
KBIL,10518.0,ASP,0,10L,28R,True
KBIL,3800.0,ASP,0,10R,28L,False
KBIS,6600.0,ASP,0,03,21,True
KBIS,8794.0,ASP,0,13,31,True
KBIV,6002.0,ASP,0,08,26,True
KBJC,3600.0,ASP,0,03,21,False
KBJC,9000.0,ASP,0,12L,30R,True
KBJC,7002.0,ASP,0,12R,30L,True
KBJI,5700.0,ASP,0,07,25,True
KBJI,7004.0,ASP,0,13,31,True
KBKF,11006.0,PEM,0,14,32,True
KBKL,6604.0,ASP,0,06L,24R,True
KBKL,5197.0,ASP,0,06R,24L,True
KBKS,3018.0,ASP,0,14,32,False
KBKS,6006.0,ASP,0,17,35,True
KBKV,4200.0,CON,0,03,21,False
KBKV,7001.0,CON,0,09,27,True
KBKW,6750.0,ASP,0,01,19,True
KBKW,5001.0,ASP,0,10,28,True
KBKX,6000.0,ASP,0,12,30,True
KBKX,3600.0,ASP,0,17,35,False
KBLF,4743.0,ASP,0,05,23,False
KBLH,6543.0,ASP,0,08,26,True
KBLH,5800.0,ASP,0,17,35,True
KBLI,6700.0,ASP,0,16,34,True
KBLM,3508.0,ASP,0,03,21,False
KBLM,7345.0,ASP,0,14,32,True
KBLV,10000.0,CON,0,14L,32R,True
KBLV,8006.0,PEM,0,14R,32L,True
KBMG,3798.0,ASP,0,06,24,False
KBMG,6500.0,ASP,0,17,35,True
KBMI,8000.0,CON,0,02,20,True
KBMI,3723.0,ASP,1,03,21,False
KBMI,6525.0,PEM,0,11,29,True
KBML,5200.0,ASP,0,18,36,True
KBMQ,5001.0,ASP,0,01,19,True
KBMT,4001.0,ASP,0,13,31,False
KBMT,2300.0,GRS,1,16,34,False
KBNA,8001.0,CON,0,02C,20C,True
KBNA,7704.0,CON,0,02L,20R,True
KBNA,8001.0,CON,0,02R,20L,True
KBNA,11030.0,ASP,0,13,31,True
KBOI,5000.0,ASP,1,09,27,False
KBOI,10000.0,ASP,0,10L,28R,True
KBOI,9763.0,ASP,0,10R,28L,True
KBOS,7864.0,ASP,0,04L,22R,True
KBOS,10006.0,ASP,0,04R,22L,True
KBOS,7001.0,ASP,0,09,27,True
KBOS,5000.0,ASPH-G,0,14,32,True
KBOS,2557.0,ASP,0,15L,33R,False
KBOS,10083.0,ASP,0,15R,33L,True
KBOW,5001.0,ASP,0,05,23,True
KBOW,5000.0,ASP,0,09L,27R,True
KBOW,4416.0,ASP,0,09R,27L,False
KBOW,5000.0,ASP,1,14,32,False
KBPG,4601.0,ASP,0,06,24,False
KBPG,8803.0,PEM,0,17,35,True
KBPI,3301.0,GRS,0,08,26,False
KBPI,6803.0,ASP,0,13,31,True
KBPK,5000.0,ASP,0,05,23,True
KBPT,6751.0,CON,0,12,30,True
KBPT,5071.0,PEM,0,16,34,True
KBQK,8001.0,PEM,0,07,25,True
KBQR,3199.0,ASP,0,09,27,False
KBRD,2800.0,ASP,1,01,19,False
KBRD,6512.0,ASP,0,05,23,True
KBRD,4080.0,ASP,0,12,30,False
KBRD,7100.0,CONC-E,0,16,34,True
KBRL,5351.0,CON,0,12,30,True
KBRL,6102.0,PEM,0,18,36,True
KBRO,7399.0,ASP,0,13,31,True
KBRO,3000.0,ASP,1,13L,31R,False
KBRO,6000.0,ASP,0,18,36,True
KBRY,5003.0,ASP,0,03,21,True
KBST,3000.0,ASP,1,10,28,False
KBST,4000.0,ASP,0,15,33,False
KBTA,4201.0,CON,0,13,31,False
KBTF,4634.0,ASP,0,17,35,False
KBTL,10004.0,ASP,0,05L,23R,True
KBTL,4100.0,ASP,0,05R,23L,False
KBTL,4018.0,ASP,1,09,27,False
KBTL,4837.0,ASP,0,13,31,False
KBTM,5545.0,ASP,1,02,20,False
KBTM,5100.0,ASP,0,12,30,True
KBTM,9000.0,ASP,0,15,33,True
KBTP,4801.0,ASP,0,08,26,False
KBTR,7500.0,CON,0,04L,22R,True
KBTR,3799.0,ASP,0,04R,22L,False
KBTR,7005.0,ASP,0,13,31,True
KBTV,4112.0,ASP,0,01,19,False
KBTV,8319.0,ASP,0,15,33,True
KBUF,8829.0,ASP,0,05,23,True
KBUF,7161.0,ASP,0,14,32,True
KBUR,5802.0,ASP,0,08,26,True
KBUR,6886.0,ASP,0,15,33,True
KBUU,2410.0,GRS,0,01,19,False
KBUU,4300.0,ASP,0,11,29,False
KBUY,6406.0,ASP,0,06,24,True
KBVO,6850.0,PEM,0,17,35,True
KBVS,3000.0,ASP,0,04,22,False
KBVS,5480.0,ASP,0,11,29,True
KBVY,4755.0,ASP,0,09,27,False
KBVY,5001.0,ASP,0,16,34,True
KBWG,6501.0,ASP,0,03,21,True
KBWG,3956.0,ASP,0,12,30,False
KBWI,6000.0,ASP,1,04,22,False
KBWI,10503.0,ASP,0,10,28,True
KBWI,5000.0,ASP,0,15L,33R,True
KBWI,9501.0,ASP,0,15R,33L,True
KBXM,8000.0,ASP,1,01L,19R,False
KBXM,8000.0,ASP,0,01R,19L,True
KBXM,6000.0,ASPH,1,09,27,False
KBZN,2650.0,ASP,0,03,21,False
KBZN,5050.0,Asphalt,0,11,29,True
KBZN,2802.0,GRS,0,11G,29G,False
KBZN,8994.0,ASP,0,12,30,True
KC65,4400.0,ASP,0,10,28,False
KCAE,8001.0,PEM,0,05,23,True
KCAE,8601.0,ASP,0,11,29,True
KCAK,7601.0,ASP,0,01,19,True
KCAK,8204.0,ASP,0,05,23,True
KCAK,5599.0,ASP,1,14,32,False
KCBE,5047.0,ASP,0,05,23,True
KCBE,3000.0,ASP,0,11,29,False
KCBF,3650.0,CON,0,14,32,False
KCBF,5500.0,CON,0,18,36,True
KCCO,5500.0,ASP,0,15,33,True
KCCR,5001.0,PEM,0,01L,19R,True
KCCR,2770.0,ASP,0,01R,19L,False
KCCR,4602.0,PEM,0,14L,32R,False
KCCR,2798.0,ASP,0,14R,32L,False
KCCY,2536.0,GRS,0,04,22,False
KCCY,4000.0,CON,0,12,30,False
KCCY,1780.0,GRS,0,17,35,False
KCDC,8653.0,ASP,0,02,20,True
KCDC,4822.0,ASP,0,08,26,False
KCDR,5998.0,CON,0,03,21,True
KCDR,4400.0,CON,0,12,30,False
KCDS,4425.0,ASP,0,04,22,False
KCDS,4196.0,ASP,1,13,31,False
KCDS,5949.0,ASP,0,17,35,True
KCDW,4552.0,ASP,0,04,22,False
KCDW,3719.0,ASPH-G,0,10,28,False
KCEC,5002.0,ASP,0,11,29,True
KCEC,5002.0,ASP,0,17,35,True
KCEF,11597.0,ASP,0,05,23,True
KCEF,7085.0,ASP,0,15,33,True
KCEU,5000.0,ASP,0,07,25,True
KCEW,8006.0,ASP,0,17,35,True
KCEZ,7205.0,ASP,0,03,21,True
KCFT,4978.0,ASP,0,07,25,False
KCGC,4557.0,ASP,0,09,27,False
KCGC,2666.0,GRS,0,18,36,False
KCGE,4477.0,ASP,0,16,34,False
KCGF,5502.0,ASP,0,06,24,True
KCGI,3997.0,PEM,0,02,20,False
KCGI,6500.0,CON,0,10,28,True
KCHA,7400.0,ASP,0,02,20,True
KCHA,5575.0,ASP,0,15,33,True
KCHD,4401.0,ASP,0,04L,22R,False
KCHD,4870.0,ASP,0,04R,22L,False
KCHO,6801.0,ASP,0,03,21,True
KCHS,7000.0,ASP,0,03,21,True
KCHS,9001.0,CON,0,15,33,True
KCHU,3499.0,ASP,0,13,31,False
KCIC,6724.0,ASP,0,13L,31R,True
KCIC,3000.0,ASP,0,13R,31L,False
KCID,8600.0,PER,0,09,27,True
KCID,6200.0,PER,0,13,31,True
KCIU,5000.0,ASP,0,09,27,True
KCIU,7203.0,CON,0,16,34,True
KCJR,5000.0,ASP,0,04,22,True
KCKB,7800.0,ASP,0,03,21,True
KCKI,5000.0,ASP,0,14,32,True
KCKM,5404.0,ASP,0,18,36,True
KCKV,4004.0,ASP,0,05,23,False
KCKV,5999.0,ASP,0,17,35,True
KCKZ,4211.0,ASP,0,08,26,False
KCL,2200.0,GRVL-F,0,04,22,False
KCLE,7096.0,CON,1,06C,24C,False
KCLE,6018.0,concrete,0,10,28,True
KCLE,9000.0,CON,0,6L,24R,True
KCLE,9953.0,CON,0,6R,24L,True
KCLL,5149.0,CON,1,04,22,False
KCLL,5158.0,ASP,0,11,29,True
KCLL,7000.0,PEM,0,17,35,True
KCLM,6347.0,ASP,0,09,27,True
KCLM,3255.0,ASP,0,13,31,False
KCLS,5000.0,CON,0,16,34,True
KCLT,7502.0,PEM,1,05,23,False
KCLT,10000.0,CONC-F,0,18C,36C,True
KCLT,8676.0,PEM,0,18L,36R,True
KCLT,9000.0,CON,0,18R,36L,True
KCLW,4108.0,ASP,0,16,34,False
KCMA,1700.0,asphalt,0,07,25,False
KCMA,6013.0,PEM,0,08,26,True
KCMD,5500.0,ASP,0,02,20,True
KCMH,8000.0,ASP,0,10L,28R,True
KCMH,10114.0,ASP,0,10R,28L,True
KCMI,6502.0,CON,0,04,22,True
KCMI,8101.0,CON,0,14L,32R,True
KCMI,3816.0,ASP,0,14R,32L,False
KCMI,5299.0,CON,1,18,36,False
KCMX,5201.0,ASP,0,07,25,True
KCMX,6501.0,ASP,0,14,32,True
KCNM,7854.0,ASP,0,03,21,True
KCNM,5334.0,ASP,0,08,26,True
KCNM,4616.0,ASP,0,14L,32R,False
KCNM,5837.0,ASP,0,14R,32L,True
KCNO,4919.0,ASP,0,03,21,False
KCNO,4858.0,ASP,0,08L,26R,False
KCNO,7000.0,ASP,0,08R,26L,True
KCNW,8600.0,ASP,0,17L,35R,True
KCNW,6291.0,CON,0,17R,35L,True
KCNY,7360.0,ASP,0,03,21,True
KCOD,8268.0,ASP,0,04,22,True
KCOE,5400.0,ASP,0,02,20,True
KCOE,7400.0,ASP,0,06,24,True
KCOF,9008.0,ASP,0,03,21,True
KCOF,3993.0,ASP,0,11,29,False
KCOI,3601.0,ASP,0,11,29,False
KCON,3999.0,ASP,1,03,21,False
KCON,3200.0,ASP,0,12,30,False
KCON,6005.0,ASP,0,17,35,True
KCOS,8272.0,ASP,0,12,30,True
KCOS,13500.0,CON,0,17L,35R,True
KCOS,11022.0,ASP,0,17R,35L,True
KCOU,7401.0,CON,0,02,20,True
KCOU,5500.0,Concrete,0,13,31,True
KCPK,5500.0,ASP,0,05,23,True
KCPR,10165.0,ASP,0,03,21,True
KCPR,8679.0,ASP,1,08,26,False
KCPR,6484.0,ASP,1,12,30,False
KCPR,7696.0,ASP,0,17,35,True
KCPS,2799.0,ASPH-F,0,05,23,False
KCPS,5301.0,CON,0,12L,30R,True
KCPS,7002.0,ASP,0,12R,30L,True
KCPU,3602.0,ASP,0,13,31,False
KCQA,4400.0,ASP,0,08,26,False
KCQX,3001.0,ASP,0,06,24,False
KCRE,5997.0,ASP,0,05,23,True
KCRG,4004.0,ASP,0,05,23,False
KCRG,4008.0,ASP,0,14,32,False
KCRP,7510.0,ASP,0,13,31,True
KCRP,6080.0,ASP,0,17,35,True
KCRQ,4897.0,ASP,0,06,24,False
KCRS,3200.0,GRS,0,02,20,False
KCRS,5004.0,ASP,0,14,32,True
KCRW,6715.0,ASP,0,05,23,True
KCRW,4751.0,ASP,1,15,33,False
KCSG,6997.0,ASP,0,06,24,True
KCSG,3997.0,ASP,0,13,31,False
KCSM,5193.0,CON,0,17L,35R,True
KCSM,13503.0,CON,0,17R,35L,True
KCSV,5423.0,ASP,0,08,26,True
KCTJ,5503.0,ASP,0,17,35,True
KCTY,5005.0,ASP,0,04,22,True
KCTY,5001.0,ASP,0,13,31,True
KCUB,5011.0,ASP,0,13,31,True
KCVB,5001.0,ASP,0,16,34,True
KCVG,12001.0,PEM,0,09,27,True
KCVG,11000.0,PEM,0,18C,36C,True
KCVG,10000.0,CON,0,18L,36R,True
KCVG,8000.0,CON,0,18R,36L,True
KCVN,7200.0,ASP,0,04,22,True
KCVN,2442.0,GRE,0,08,26,False
KCVN,5697.0,ASP,0,12,30,True
KCVS,10003.0,CON,0,04,22,True
KCVS,8196.0,PEM,0,13,31,True
KCVX,1280.0,GRS,0,04,22,False
KCVX,4549.0,ASP,0,09,27,False
KCWA,7723.0,CON,0,08,26,True
KCWA,6501.0,CON,0,17,35,True
KCWF,10702.0,CON,0,15,33,True
KCXL,4683.0,ASP,0,08,26,False
KCXO,5000.0,ASP,0,01,19,True
KCXO,7501.0,ASP,0,14,32,True
KCXP,6101.0,ASP,0,09,27,True
KCXU,5004.0,ASP,0,08,26,True
KCXY,5000.0,ASP,0,08,26,True
KCXY,3778.0,ASP,0,12,30,False
KCYS,9270.0,CON,0,09,27,True
KCYS,6690.0,ASP,0,13,31,True
KCZT,5003.0,ASP,0,13,31,True
KDAB,10500.0,ASP,0,07L,25R,True
KDAB,3195.0,ASP,0,07R,25L,False
KDAB,6001.0,ASP,0,16,34,True
KDAL,7752.0,CON,0,13L,31R,True
KDAL,8800.0,CON,0,13R,31L,True
KDAL,6147.0,ASP,1,18,36,False
KDAN,5900.0,ASP,0,02,20,True
KDAN,3910.0,ASP,0,13,31,False
KDAY,10901.0,PEM,0,06L,24R,True
KDAY,7285.0,PEM,0,06R,24L,True
KDAY,8502.0,PEM,0,18,36,True
KDBQ,6502.0,CON,0,13,31,True
KDBQ,6327.0,CON,0,18,36,True
KDCA,7169.0,ASP,0,01,19,True
KDCA,5000.0,ASP,0,04,22,True
KDCA,5204.0,ASP,0,15,33,True
KDCU,6107.0,ASP,0,18,36,True
KDDC,4649.0,ASP,0,02,20,False
KDDC,6899.0,ASP,0,14,32,True
KDDH,3704.0,ASP,0,13,31,False
KDEC,8496.0,PEM,0,06,24,True
KDEC,6799.0,PEM,0,12,30,True
KDEC,5298.0,ASP,0,18,36,True
KDED,4301.0,ASP,0,05,23,False
KDED,3600.0,ASP,1,08,26,False
KDED,6001.0,ASP,0,12,30,True
KDED,5999.0,ASP,1,18,36,False
KDEN,12000.0,CON,0,07,25,True
KDEN,12000.0,CON,0,08,26,True
KDEN,12000.0,CON,0,16L,34R,True
KDEN,16000.0,CON,0,16R,34L,True
KDEN,12000.0,CON,0,17L,35R,True
KDEN,12000.0,CON,0,17R,35L,True
KDET,4025.0,ASP,1,07,25,False
KDET,5092.0,ASP,0,15,33,True
KDEW,3200.0,ASP,0,04,22,False
KDEW,6101.0,ASP,0,16,34,True
KDFI,4199.0,ASP,0,12,30,False
KDFW,9000.0,CON,0,13L,31R,True
KDFW,9300.0,CON,0,13R,31L,True
KDFW,13400.0,CON,0,17C,35C,True
KDFW,8500.0,CON,0,17L,35R,True
KDFW,13400.0,CON,0,17R,35L,True
KDFW,13401.0,CON,0,18L,36R,True
KDFW,13400.0,CON,0,18R,36L,True
KDHN,8500.0,ASP,0,14,32,True
KDHN,5501.0,ASP,0,18,36,True
KDIJ,7301.0,ASP,0,04,22,True
KDIK,4700.0,ASP,0,07,25,False
KDIK,7301.0,ASP,0,14,32,True
KDKX,3499.0,ASP,0,08,26,False
KDLC,3000.0,ASP,0,07,25,False
KDLH,5719.0,ASP,0,03,21,True
KDLH,10591.0,CON,0,09,27,True
KDLL,5010.0,ASP,0,01,19,True
KDLL,2725.0,GRS,0,14,32,False
KDLZ,5800.0,ASP,0,10,28,True
KDMA,13643.0,PEM,0,12,30,True
KDMN,5675.0,ASP,0,04,22,True
KDMN,8018.0,ASP,0,08,26,True
KDMW,5100.0,ASP,0,16,34,True
KDNL,4002.0,ASP,0,05,23,False
KDNL,3733.0,ASP,0,11,29,False
KDNN,5496.0,ASP,0,14,32,True
KDNS,1780.0,GRS,1,06,24,False
KDNS,5000.0,CON,0,12,30,True
KDNS,3200.0,GRS,0,18,36,False
KDOV,9602.0,PEM,0,01,19,True
KDOV,12903.0,PEM,0,14,32,True
KDPA,7571.0,CON,0,02L,20R,True
KDPA,6451.0,CON,0,02R,20L,True
KDPA,4750.0,ASP,0,10,28,False
KDPA,3399.0,ASP,0,15,33,False
KDPG,10999.0,ASP,0,12,30,True
KDPG,13125.0,ASP,1,12L,30R,False
KDPL,6003.0,ASP,0,05,23,True
KDQH,6000.0,ASP,0,04,22,True
KDRO,9201.0,ASPH-G,0,03,21,True
KDRT,6300.0,ASP,0,13,31,True
KDSM,9001.0,ASP,0,13,31,True
KDSM,9004.0,Concrete-Grooved,0,5,23,True
KDTO,7002.0,ASP,0,18L,36R,True
KDTO,5003.0,Asphalt,0,18R,36L,True
KDTS,5001.0,ASP,0,14,32,True
KDTW,8501.0,PEM,0,03L,21R,True
KDTW,10001.0,CON,0,03R,21L,True
KDTW,10000.0,CON,0,04L,22R,True
KDTW,12003.0,CON,0,04R,22L,True
KDTW,8708.0,PEM,0,09L,27R,True
KDTW,8500.0,CON,0,09R,27L,True
KDUG,7158.0,ASP,1,03,21,False
KDUG,4966.0,ASP,0,08,26,False
KDUG,7503.0,ASP,1,12,30,False
KDUG,6430.0,ASP,0,17,35,True
KDUJ,5503.0,ASP,0,07,25,True
KDUX,6001.0,ASP,0,01,19,True
KDUX,3100.0,ASP,0,14,32,False
KDVL,4314.0,ASP,0,03,21,False
KDVL,6400.0,ASP,0,13,31,True
KDVN,4001.0,CON,0,03,21,False
KDVN,5511.0,CON,0,15,33,True
KDVO,3303.0,ASP,0,13,31,False
KDVT,4500.0,ASP,0,07L,25R,False
KDVT,8196.0,ASP,0,07R,25L,True
KDWA,6000.0,ASP,0,16,34,True
KDWH,3500.0,ASP,0,17L,35R,False
KDWH,7009.0,ASP,0,17R,35L,True
KDWH,2530.0,WATER,0,17W,35W,False
KDXR,4421.0,ASP,0,08,26,False
KDXR,3135.0,ASP,0,17,35,False
KDYB,5000.0,ASP,0,06,24,True
KDYL,3004.0,ASP,0,05,23,False
KDYS,13500.0,PEM,0,16,34,True
KDYS,3500.0,GRE,0,161,341,False
KDYS,3500.0,ASPH,0,162,342,False
KDZB,5977.0,ASP,0,17,35,True
KDZJ,5004.0,ASP,0,08,26,True
KE16,3095.0,ASP,0,14,32,False
KE25,6101.0,ASP,0,05,23,True
KE38,6002.0,ASP,0,01,19,True
KE38,5018.0,ASP,0,05,23,True
KE51,4575.0,ASP,0,05,23,False
KEAR,4498.0,CON,0,13,31,False
KEAR,7094.0,ASP,0,18,36,True
KEAT,4460.0,ASP,1,07,25,False
KEAT,7000.0,ASP,0,12,30,True
KEAU,8101.0,CON,0,04,22,True
KEAU,5000.0,CON,0,14,32,True
KEB,1850.0,GRVL-P,0,01,19,False
KECG,4518.0,PEM,1,01,19,False
KECG,7219.0,CON,0,10,28,True
KECP,10000.0,CON,0,16,34,True
KECU,4050.0,ASP,0,14,32,False
KEDC,6025.0,ASPH-G,0,13,31,True
KEDC,1550.0,ASPH-F,0,16,34,False
KEDW,12000.0,ASPH,0,05L,23R,True
KEDW,16798.0,CON,0,05R,23L,True
KEDW,8000.0,CON,0,07,25,True
KEEN,6201.0,ASP,0,02,20,True
KEEN,4001.0,ASP,0,14,32,False
KEFD,8001.0,CON,1,04,22,False
KEFD,4609.0,CON,0,17L,35R,False
KEFD,9001.0,CON,0,17R,35L,True
KEFK,3996.0,ASP,0,05,23,False
KEFK,5301.0,ASP,0,18,36,True
KEGE,9000.0,ASP,0,07,25,True
KEGE,5013.0,ASP,1,08,26,False
KEGV,5000.0,ASP,0,04,22,True
KEGV,3400.0,ASP,0,13,31,False
KEHO,5001.0,ASP,0,05,23,True
KEHR,7095.0,ASP,0,09,27,True
KEK,3300.0,GRVL-G,0,02,20,False
KEKM,2480.0,GRE,0,08,26,False
KEKM,6500.0,ASP,0,09,27,True
KEKM,3999.0,ASP,0,18,36,False
KEKN,4501.0,ASP,0,05,23,False
KEKN,4544.0,ASP,0,14,32,False
KEKO,7214.0,ASP,0,06,24,True
KEKO,3015.0,ASP,0,12,30,False
KEKS,7600.0,ASP,0,16,34,True
KEKX,6001.0,ASP,0,05,23,True
KEKY,6007.0,ASP,0,05,23,True
KELD,6601.0,ASP,0,04,22,True
KELD,5100.0,CON,1,13,31,False
KELD,3733.0,CON,1,17,35,False
KELM,2016.0,GRS,0,05,23,False
KELM,8001.0,ASP,0,06,24,True
KELM,5404.0,ASP,0,10,28,True
KELO,5596.0,ASP,0,12,30,True
KELP,12020.0,ASP,0,04,22,True
KELP,5499.0,ASP,0,08L,26R,True
KELP,9025.0,ASP,0,08R,26L,True
KEMT,3995.0,ASP,0,01,19,False
KENW,6600.0,CONC-G,0,07L,25R,True
KENW,3302.0,ASPH-CONC-F,0,07R,25L,False
KENW,4440.0,CONC-G,0,15,33,False
KEOE,4001.0,ASP,0,04,22,False
KEPH,5500.0,ASPH-F,0,03,21,True
KEPH,3467.0,ASPH,0,04,22,False
KEPH,3843.0,CON,0,11,29,False
KEPH,6630.0,ASP,1,16,34,False
KEQY,7001.0,ASP,0,05,23,True
KERI,3508.0,ASP,0,02,20,False
KERI,8420.0,ASP,0,06,24,True
KERV,3597.0,ASP,0,03,21,False
KERV,6004.0,ASP,0,12,30,True
KESC,5016.0,ASP,0,01,19,True
KESC,6498.0,ASP,0,10,28,True
KESN,5500.0,ASP,0,04,22,True
KESN,4003.0,ASP,0,15,33,False
KEUF,5000.0,ASP,0,18,36,True
KEUG,5228.0,ASP,1,03,21,False
KEUG,6000.0,ASP,0,16L,34R,True
KEUG,8009.0,ASP,0,16R,34L,True
KEVB,4000.0,ASP,0,02,20,False
KEVB,5000.0,ASPH-G,0,07,25,True
KEVB,4319.0,ASP,0,11,29,False
KEVV,8021.0,ASP,0,04,22,True
KEVV,3497.0,ASP,0,09,27,False
KEVV,6286.0,ASP,0,18,36,True
KEVY,3601.0,GRE,0,11,29,False
KEVY,4488.0,ASP,0,17,35,False
KEWB,5400.0,ASP,0,05,23,True
KEWB,5002.0,ASP,0,14,32,True
KEWN,6452.0,ASP,0,04,22,True
KEWN,4001.0,ASPH-G,0,14,32,False
KEWR,6725.0,ASP,0,11,29,True
KEWR,11000.0,ASP,0,4L,22R,True
KEWR,9999.0,ASP,0,4R,22L,True
KEXX,5004.0,ASP,0,06,24,True
KEYE,4200.0,ASP,0,03,21,False
KEYW,5076.0,ASP,0,09,27,True
KEZS,3901.0,ASP,0,12,30,False
KEZS,2225.0,ASPH,0,17,35,False
KEZS,12000.0,WATER,0,ALL,WAY,False
KF45,3700.0,GRS,0,08L,26R,False
KF45,4300.0,ASP,0,08R,26L,False
KF45,4300.0,ASP,0,13,31,False
KF47,3339.0,ASP,0,14,32,False
KF70,6000.0,ASP,0,18,36,True
KF82,1524.0,GRS,0,07,25,False
KF82,5144.0,ASP,0,17,35,True
KFAR,6302.0,CON,0,09,27,True
KFAR,3801.0,PEM,0,13,31,False
KFAR,9001.0,CON,0,18,36,True
KFAT,9539.0,ASP,0,11L,29R,True
KFAT,8008.0,ASP,0,11R,29L,True
KFAY,7709.0,ASP,0,04,22,True
KFAY,4801.0,ASP,0,10,28,False
KFCI,5500.0,ASP,0,15,33,True
KFCM,3901.0,ASP,0,10L,28R,False
KFCM,5001.0,ASP,0,10R,28L,True
KFCM,2690.0,ASP,0,18,36,False
KFDK,5819.0,ASP,0,05,23,True
KFDK,3599.0,ASP,0,12,30,False
KFFA,3000.0,ASP,0,03,21,False
KFFC,5768.0,ASP,0,13,31,True
KFFO,12600.0,PEM,0,05L,23R,True
KFFO,7000.0,ASP,0,05R,23L,True
KFFT,5006.0,ASP,0,07,25,True
KFFZ,3799.0,ASP,0,04L,22R,False
KFFZ,5100.0,ASP,0,04R,22L,True
KFGU,4986.0,ASP,0,03,21,False
KFHR,3402.0,ASP,0,16,34,False
KFHU,4285.0,PEM,0,03,21,False
KFHU,12001.0,CON,0,08,26,True
KFHU,5366.0,PEM,0,12,30,True
KFKN,4977.0,ASP,0,09,27,False
KFKN,4098.0,CON,1,14,32,False
KFKS,4050.0,ASP,0,15,33,False
KFLD,3604.0,ASP,0,09,27,False
KFLD,5941.0,ASP,0,18,36,True
KFLG,8800.0,ASP,0,03,21,True
KFLL,9000.0,ASP,0,10L,28R,True
KFLL,8000.0,ASP,0,10R,28L,True
KFLO,6000.0,ASP,0,01,19,True
KFLO,6502.0,ASP,0,09,27,True
KFME,3000.0,ASP,0,10,28,False
KFMN,6501.0,ASP,0,05,23,True
KFMN,6704.0,ASP,0,07,25,True
KFMY,6406.0,ASP,0,05,23,True
KFMY,4910.0,ASP,0,13,31,False
KFNL,2189.0,ASP,0,06,24,False
KFNL,8500.0,ASP,0,15,33,True
KFNT,7201.0,ASP,0,09,27,True
KFNT,7852.0,ASP,0,18,36,True
KFOD,6547.0,ASP,0,06,24,True
KFOD,5301.0,ASP,0,12,30,True
KFOE,7002.0,CON,0,03,21,True
KFOE,12803.0,CON,0,13,31,True
KFOK,5100.0,PEM,0,01,19,True
KFOK,9002.0,PEM,0,06,24,True
KFOK,5002.0,ASP,0,15,33,True
KFPR,6492.0,ASP,0,10R,28L,True
KFPR,4755.0,ASP,0,14,32,False
KFRG,5517.0,ASP,0,01,19,True
KFRG,6833.0,ASP,0,14,32,True
KFRH,5500.0,ASP,0,08,26,True
KFRM,3301.0,ASP,0,02,20,False
KFRM,5505.0,ASP,0,13,31,True
KFSD,9000.0,CON,0,03,21,True
KFSD,3151.0,CON,0,09,27,False
KFSD,8000.0,ASP,0,15,33,True
KFSM,5002.0,ASP,1,01,19,False
KFSM,8000.0,ASP,0,07,25,True
KFST,4400.0,ASP,0,03,21,False
KFST,4961.0,GRS,0,07,25,False
KFST,3348.0,GRS,0,11,29,False
KFST,7508.0,ASP,0,12,30,True
KFST,3981.0,TURF,0,16,34,False
KFTW,3677.0,ASP,1,09,27,False
KFTW,7502.0,CON,0,16,34,True
KFTW,4005.0,ASP,0,17,35,False
KFTY,5797.0,ASP,0,08,26,True
KFTY,2801.0,ASP,1,09,27,False
KFTY,4157.0,ASP,1,14,32,False
KFUL,3121.0,ASP,0,06,24,False
KFWA,11981.0,PEM,0,05,23,True
KFWA,4001.0,PEM,0,09,27,False
KFWA,8002.0,PEM,0,14,32,True
KFWC,4000.0,ASP,0,09,27,False
KFWC,1999.0,ASP,0,18,36,False
KFWN,3506.0,ASP,0,03,21,False
KFWS,3660.0,GRS,0,18L,36R,False
KFWS,6002.0,ASP,0,18R,36L,True
KFXE,6002.0,ASP,0,09,27,True
KFXE,4000.0,ASP,0,13,31,False
KFYJ,5000.0,ASP,0,10,28,True
KFYV,6005.0,ASP,0,16,34,True
KGAI,4202.0,ASP,0,14,32,False
KGBR,2579.0,ASP,0,11,29,False
KGCC,5804.0,CON,0,03,21,True
KGCC,7501.0,CON,0,16,34,True
KGCK,5700.0,CON,0,12,30,True
KGCK,7299.0,PEM,0,17,35,True
KGCN,8999.0,ASP,0,03,21,True
KGDJ,5201.0,ASP,0,01,19,True
KGDJ,3603.0,ASP,1,14,32,False
KGDV,3002.0,ASP,0,02,20,False
KGDV,5704.0,ASP,0,12,30,True
KGED,5500.0,ASP,0,04,22,True
KGED,3109.0,ASPH,0,10,28,False
KGEG,11002.0,ASP,0,03,21,True
KGEG,8199.0,ASP,0,08,26,True
KGEU,7150.0,ASP,0,01,19,True
KGEV,5002.0,ASP,0,10,28,True
KGFK,6701.0,CONC-G,0,09L,27R,True
KGFK,3300.0,CON,0,09R,27L,False
KGFK,3901.0,CON,0,17L,35R,False
KGFK,7351.0,ASP,0,17R,35L,True
KGFL,5000.0,ASP,0,01,19,True
KGFL,3999.0,ASP,0,12,30,False
KGGE,6005.0,ASP,0,05,23,True
KGGE,4539.0,ASP,0,11,29,False
KGGE,4986.0,ASP,1,16,34,False
KGGG,10000.0,ASP,0,13,31,True
KGGG,6110.0,ASPH-G,0,18,36,True
KGGW,5000.0,ASP,0,08,26,True
KGGW,5002.0,ASP,0,12,30,True
KGHG,3900.0,ASP,0,06,24,False
KGIF,5005.0,ASP,0,05,23,True
KGIF,4001.0,ASP,0,11,29,False
KGJT,5501.0,ASP,0,04,22,True
KGJT,9339.0,ASP,0,11,29,True
KGKT,5506.0,ASP,0,10,28,True
KGKY,6080.0,CON,0,16,34,True
KGLD,4001.0,ASP,0,05,23,False
KGLD,5499.0,CON,0,12,30,True
KGLD,1754.0,GRS,0,17,35,False
KGLE,4691.0,ASP,1,04,22,False
KGLE,3920.0,ASP,1,08,26,False
KGLE,4307.0,ASP,0,13,31,False
KGLE,6000.0,ASP,0,18,36,True
KGLH,8001.0,ASP,0,18L,36R,True
KGLH,7019.0,PEM,0,18R,36L,True
KGLR,6579.0,ASP,0,09,27,True
KGLR,4200.0,ASP,0,18,36,False
KGLS,3774.0,CON,1,07,25,False
KGLS,6000.0,PEM,0,14,32,True
KGLS,6001.0,CON,0,18,36,True
KGLW,5301.0,ASP,0,07,25,True
KGMU,5393.0,ASP,0,01,19,True
KGMU,4000.0,ASP,0,10,28,False
KGNF,4998.0,ASP,0,04,22,False
KGNF,7000.0,ASP,0,13,31,True
KGNG,5371.0,ASP,0,07,25,True
KGNV,4158.0,ASP,0,07,25,False
KGNV,7504.0,ASP,0,11,29,True
KGON,5000.0,ASP,0,05,23,True
KGON,4000.0,ASP,0,15,33,False
KGOO,4657.0,ASP,0,07,25,False
KGPH,5502.0,ASP,0,18,36,True
KGPI,9007.0,ASP,0,02,20,True
KGPI,3043.0,ASP,1,07,25,False
KGPI,3510.0,ASP,0,12,30,False
KGPM,4001.0,CON,0,18,36,False
KGPT,7000.0,ASP,1,04,22,False
KGPT,9002.0,PEM,0,14,32,True
KGPT,4935.0,ASP,0,18,36,False
KGRB,7700.0,CON,0,06,24,True
KGRB,3198.0,ASP,1,12,30,False
KGRB,8700.0,CON,0,18,36,True
KGRI,6608.0,CON,0,13,31,True
KGRI,7002.0,ASP,0,17,35,True
KGRK,9997.0,PEM,0,15,33,True
KGRR,5001.0,CON,0,08L,26R,True
KGRR,10001.0,CON,0,08R,26L,True
KGRR,8501.0,CON,0,17,35,True
KGSB,11760.0,PEM,0,08,26,True
KGSO,9000.0,ASPH,0,05L,23R,True
KGSO,10001.0,PEM,0,05R,23L,True
KGSO,6380.0,ASP,0,14,32,True
KGSP,11001.0,PEM,0,04,22,True
KGTB,10000.0,CON,0,03,21,True
KGTB,4501.0,CON,0,08,26,False
KGTB,5002.0,CON,0,15,33,True
KGTF,10502.0,ASP,0,03,21,True
KGTF,4294.0,ASP,0,07,25,False
KGTF,6030.0,ASP,0,17,35,True
KGTR,8003.0,ASP,0,18,36,True
KGTU,4099.0,ASP,0,11,29,False
KGTU,5004.0,ASP,0,18,36,True
KGUC,2981.0,GVL,0,17,35,False
KGUC,9400.0,ASP,0,7,25,True
KGUP,7312.0,ASP,0,06,24,True
KGUS,12501.0,ASP,0,05,23,True
KGVE,2300.0,ASPH-P,0,05,23,False
KGVL,5496.0,ASPH-G,0,05,23,True
KGVL,4003.0,ASP,0,11,29,False
KGVQ,5499.0,ASP,0,10,28,True
KGWB,7106.0,ASP,0,09,27,True
KGWO,5011.0,ASP,0,05,23,True
KGWO,2689.0,ASP,0,09,27,False
KGWO,6501.0,ASP,0,18,36,True
KGWW,5501.0,ASP,0,05,23,True
KGX,4000.0,GRAVEL-G,0,17,35,False
KGYH,8000.0,CON,0,05,23,True
KGYI,2300.0,ASP,1,13,31,False
KGYI,9000.0,PEM,0,18L,36R,True
KGYI,4008.0,ASP,0,18R,36L,False
KGYR,8500.0,ASP,0,03,21,True
KGYY,3604.0,ASP,0,02,20,False
KGYY,8859.0,ASP,0,12,30,True
KHAF,5000.0,ASP,0,12,30,True
KHAO,5500.0,ASP,0,12,30,True
KHBG,6094.0,ASP,0,13,31,True
KHBI,5501.0,ASP,0,03,21,True
KHBV,5003.0,ASP,0,13,31,True
KHCR,6898.0,ASP,0,04,22,True
KHDC,6502.0,PEM,0,13,31,True
KHDC,5001.0,CON,0,18,36,True
KHDN,10000.0,ASP,0,10,28,True
KHDO,5400.0,CON,0,04,22,True
KHDO,3451.0,CON,0,08,26,False
KHDO,5545.0,CON,0,13,31,True
KHDO,6002.0,CON,0,17L,35R,True
KHDO,3224.0,ASP,0,17R,35L,False
KHEE,3011.0,ASP,0,09,27,False
KHEE,5001.0,ASP,0,18,36,True
KHEF,6200.0,ASP,0,16L,34R,True
KHEF,3715.0,ASP,0,16R,34L,False
KHEQ,5000.0,ASP,0,14,32,True
KHFD,4417.0,ASP,0,02,20,False
KHFD,2314.0,ASP,0,11,29,False
KHFD,2323.0,TURF,0,NE,SW,False
KHFY,5102.0,ASP,0,01,19,True
KHGR,3165.0,ASP,0,02,20,False
KHGR,7000.0,ASP,0,09,27,True
KHHR,4884.0,CON,0,07,25,False
KHIB,3075.0,ASP,0,04,22,False
KHIB,6758.0,ASP,0,13,31,True
KHIE,4001.0,ASP,0,10,28,False
KHIF,13500.0,PEM,0,14,32,True
KHII,8000.0,ASP,0,14,32,True
KHII,2000.0,Concrete,1,1AZ,LH2,False
KHII,1800.0,Dirt,1,KI5,2AZ,False
KHIO,3820.0,ASP,0,02,20,False
KHIO,3600.0,Asphalt,0,13L,31R,False
KHIO,6600.0,ASP,0,13R,31L,True
KHJO,5179.0,ASP,0,14,32,True
KHKY,4400.0,ASP,1,01,19,False
KHKY,6401.0,ASP,0,06,24,True
KHLG,5002.0,ASP,0,03,21,True
KHLG,4499.0,ASP,0,16,34,False
KHLN,4644.0,ASP,0,05,23,False
KHLN,9000.0,ASP,0,09,27,True
KHLN,2989.0,ASP,0,16,34,False
KHLX,4151.0,ASP,0,01,19,False
KHMN,10578.0,PEM,0,04,22,True
KHMN,12922.0,PEM,0,07,25,True
KHMN,12134.0,PEM,0,16,34,True
KHMZ,5006.0,ASP,0,14,32,True
KHND,5001.0,ASP,0,17L,35R,True
KHND,6501.0,ASP,0,17R,35L,True
KHOB,8000.0,ASP,0,04,22,True
KHOB,6002.0,ASP,0,13,31,True
KHOB,4370.0,ASP,0,17,35,False
KHON,7201.0,CON,0,12,30,True
KHON,5000.0,CON,0,18,36,True
KHOP,10926.0,ASP,0,05,23,True
KHOP,4500.0,ASP,0,18,36,False
KHOT,6595.0,ASP,0,05,23,True
KHOT,4098.0,ASP,0,13,31,False
KHOU,7602.0,CON,0,04,22,True
KHOU,5148.0,CON,0,13L,31R,True
KHOU,7602.0,ASP,0,13R,31L,True
KHOU,6000.0,PEM,1,17,35,False
KHPN,4451.0,ASP,0,11,29,False
KHPN,6549.0,ASP,0,16,34,True
KHQM,5000.0,ASP,0,06,24,True
KHQU,5514.0,ASP,0,10,28,True
KHQZ,5999.0,CON,0,17,35,True
KHRJ,5005.0,ASP,0,05,23,True
KHRL,7257.0,ASP,0,13,31,True
KHRL,5950.0,ASP,0,18L,36R,True
KHRL,9400.0,ASP,0,18R,36L,True
KHRO,6161.0,ASP,0,18,36,True
KHRT,9600.0,CON,0,18,36,True
KHSA,8498.0,ASP,0,18,36,True
KHSG,6370.0,ASPH,0,05,23,True
KHSP,5600.0,ASP,0,07,25,True
KHST,11201.0,CON,0,05,23,True
KHST,6523.0,Asphault,1,32,14,False
KHSV,10001.0,ASP,0,18L,36R,True
KHSV,12600.0,ASP,0,18R,36L,True
KHTO,4255.0,ASP,0,10,28,False
KHTO,2060.0,ASP,0,16,34,False
KHTS,3007.0,ASP,1,03,21,False
KHTS,7017.0,ASP,0,12,30,True
KHUF,9021.0,ASP,0,05,23,True
KHUF,7200.0,PEM,0,14,32,True
KHUF,4001.0,PEM,1,18,36,False
KHUL,2700.0,ASP,0,01,19,False
KHUL,5015.0,ASP,0,05,23,True
KHUM,4999.0,CON,0,12,30,False
KHUM,6509.0,CON,0,18,36,True
KHUT,4405.0,PEM,0,04,22,False
KHUT,7003.0,ASP,0,13,31,True
KHUT,4012.0,ASP,0,17,35,False
KHVC,5505.0,ASP,0,08,26,True
KHVN,5600.0,ASP,0,02,20,True
KHVN,3626.0,ASP,1,14,32,False
KHVR,3699.0,ASP,0,03,21,False
KHVR,5205.0,ASPH-F,0,08,26,True
KHVS,5000.0,ASP,0,03,21,True
KHWD,3108.0,ASP,0,10L,28R,False
KHWD,5694.0,ASP,0,10R,28L,True
KHWO,3241.0,ASP,0,10L,28R,False
KHWO,3463.0,ASP,0,10R,28L,False
KHWO,3260.0,ASP,0,19L,01R,False
KHWO,3000.0,ASP,0,19R,01L,False
KHWY,5000.0,ASPH-G,0,15,33,True
KHXD,5000.0,ASP,0,03,21,True
KHXF,3401.0,ASPH,0,09,27,False
KHXF,2231.0,GRS,0,18,36,False
KHYA,5425.0,ASP,0,06,24,True
KHYA,5255.0,ASP,0,15,33,True
KHYI,6330.0,ASP,0,08,26,True
KHYI,5601.0,ASP,0,13,31,True
KHYI,5214.0,ASP,0,17,35,True
KHYR,5003.0,ASP,0,03,21,True
KHYR,1088.0,GRS,0,16,34,False
KHYS,4501.0,CON,0,04,22,False
KHYS,6501.0,ASP,0,16,34,True
KHYW,4401.0,ASP,0,04,22,False
KHZY,5900.0,ASP,0,09,27,True
KI39,5001.0,ASP,0,18,36,True
KI68,4505.0,ASP,0,01,19,False
KIAB,12000.0,CON,0,01L,19R,True
KIAB,12007.0,PEM,0,01R,19L,True
KIAD,11500.0,CONC-G,0,01C,19C,True
KIAD,9400.0,CON,0,01L,19R,True
KIAD,11500.0,CON,0,01R,19L,True
KIAD,10501.0,CON,0,12,30,True
KIAG,5188.0,ASP,0,06,24,True
KIAG,9826.0,PEM,0,10,28,True
KIAG,3973.0,ASP,1,10R,28L,False
KIAH,9000.0,CON,0,08L,26R,True
KIAH,9402.0,CON,0,08R,26L,True
KIAH,10000.0,ASP,0,09,27,True
KIAH,12001.0,CON,0,15L,33R,True
KIAH,10000.0,CON,0,15R,33L,True
KICR,2751.0,GRS,0,03,21,False
KICR,5500.0,CON,0,13,31,True
KICT,10302.0,CON,0,01L,19R,True
KICT,7302.0,CON,0,01R,19L,True
KICT,6301.0,CON,0,14,32,True
KIDA,9002.0,ASP,0,02,20,True
KIDA,3964.0,ASP,0,17,35,False
KIFP,8501.0,ASP,0,16,34,True
KIGM,6827.0,ASP,0,03,21,True
KIGM,6725.0,ASP,1,08,26,False
KIGM,6725.0,ASP,0,17,35,True
KIGQ,3395.0,ASP,0,09,27,False
KIGQ,4002.0,ASP,0,18,36,False
KIJD,4050.0,ASP,1,04,22,False
KIJD,4271.0,ASP,0,09,27,False
KIJD,2799.0,ASP,0,18,36,False
KIKG,6000.0,ASP,0,13,31,True
KIKK,5981.0,ASP,0,04,22,True
KIKK,4398.0,ASP,0,16,34,False
KILG,7012.0,ASP,0,01,19,True
KILG,7275.0,ASP,0,09,27,True
KILG,4602.0,ASP,0,14,32,False
KILM,8016.0,CON,0,06,24,True
KILM,7754.0,ASP,0,17,35,True
KILN,10701.0,CON,0,04L,22R,True
KILN,9000.0,CON,0,04R,22L,True
KIMM,5001.0,ASP,1,04,22,False
KIMM,5000.0,ASP,0,09,27,True
KIMM,4550.0,ASP,0,18,36,False
KIMT,6502.0,ASP,0,01,19,True
KIMT,3810.0,ASP,0,13,31,False
KIND,11200.0,CON,0,05L,23R,True
KIND,10000.0,CON,0,05R,23L,True
KIND,7278.0,ASP,0,14,32,True
KINF,5000.0,ASP,0,01,19,True
KINL,2999.0,ASP,0,04,22,False
KINL,7400.0,ASP,0,13,31,True
KINT,3938.0,ASP,0,04,22,False
KINT,6655.0,ASP,0,15,33,True
KIPL,4501.0,ASP,0,08,26,False
KIPL,5308.0,ASP,0,14,32,True
KIPT,6825.0,ASP,0,09,27,True
KIPT,4273.0,ASP,0,12,30,False
KIRK,1370.0,GRE,0,09,27,False
KIRK,6005.0,CON,0,18,36,True
KISM,5001.0,ASP,0,06,24,True
KISM,6001.0,ASP,0,15,33,True
KISO,11498.0,ASP,0,05,23,True
KISP,7006.0,ASP,0,06,24,True
KISP,5034.0,ASP,1,10,28,False
KISP,3175.0,ASP,0,15L,33R,False
KISP,5186.0,ASP,0,15R,33L,True
KISQ,2501.0,ASPH-G,0,01,19,False
KISQ,5001.0,ASP,0,10,28,True
KISW,5500.0,ASP,0,02,20,True
KISW,3640.0,ASP,0,11,29,False
KISW,2072.0,GRE,0,18,36,False
KITH,6977.0,ASP,0,14,32,True
KITH,2018.0,GRS,0,15,33,False
KITR,5199.0,CON,0,15,33,True
KIWA,10201.0,PEM,0,12C,30C,True
KIWA,9300.0,CON,0,12L,30R,True
KIWA,10401.0,CON,0,12R,30L,True
KIWD,6502.0,ASP,0,09,27,True
KIWI,3397.0,ASP,0,07,25,False
KIWS,3953.0,ASP,0,15,33,False
KIXD,5132.0,ASP,0,04,22,True
KIXD,7339.0,ASP,0,18,36,True
KIZA,2803.0,ASP,0,08,26,False
KIZG,4200.0,ASP,0,14,32,False
KJAC,6300.0,ASP,0,01,19,True
KJAN,8500.0,ASP,0,16L,34R,True
KJAN,8500.0,ASP,0,16R,34L,True
KJAX,10000.0,CON,0,08,26,True
KJAX,7701.0,CON,0,14,32,True
KJBR,6200.0,ASP,0,05,23,True
KJBR,4099.0,ASP,0,13,31,False
KJCT,2255.0,GRS,0,08,26,False
KJCT,5004.0,ASP,0,17,35,True
KJEF,3401.0,CON,0,09,27,False
KJEF,6000.0,ASP,0,12,30,True
KJER,5002.0,ASPH-G,0,09,27,True
KJES,5500.0,ASPH-G,0,11,29,True
KJFK,12079.0,PEM,0,04L,22R,True
KJFK,8400.0,ASP,0,04R,22L,True
KJFK,10000.0,PEM,0,13L,31R,True
KJFK,14511.0,PEM,0,13R,31L,True
KJGG,3204.0,ASP,0,13,31,False
KJHW,5300.0,ASP,0,07,25,True
KJHW,4499.0,ASP,0,13,31,False
KJKA,6962.0,ASP,0,09,27,True
KJKA,3596.0,ASP,0,17,35,False
KJLN,3604.0,ASP,1,05,23,False
KJLN,6501.0,ASP,0,13,31,True
KJLN,6502.0,ASP,0,18,36,True
KJMS,5750.0,ASP,0,04,22,True
KJMS,6502.0,ASP,0,13,31,True
KJQF,7402.0,ASP,0,02,20,True
KJST,4387.0,ASP,0,05,23,False
KJST,3700.0,ASP,1,10,28,False
KJST,7004.0,ASP,0,15,33,True
KJVL,6701.0,ASP,0,04,22,True
KJVL,7302.0,CON,0,14,32,True
KJVL,5004.0,ASP,0,18,36,True
KJVY,3899.0,ASP,0,14,32,False
KJVY,7000.0,ASP,0,18,36,True
KJWN,6001.0,ASP,0,02,20,True
KJWY,6500.0,ASP,0,18,36,True
KJXN,5351.0,ASP,0,07,25,True
KJXN,4000.0,ASP,0,14,32,False
KJYM,5000.0,ASP,0,10,28,True
KJYO,5500.0,ASP,0,17,35,True
KJZI,4313.0,CON,0,04,22,False
KJZI,5350.0,CON,0,09,27,True
KK09,3016.0,ASP,0,04,22,False
KK22,5051.0,ASP,0,03,21,True
KKLS,4391.0,ASP,0,12,30,False
KKNB,6200.0,ASP,0,01,19,True
KLAF,4225.0,ASP,0,05,23,False
KLAF,6600.0,ASP,0,10,28,True
KLAL,5000.0,ASP,0,05,23,True
KLAL,8500.0,ASP,0,10,28,True
KLAN,5003.0,PEM,0,06,24,True
KLAN,3601.0,ASP,0,10L,28R,False
KLAN,8506.0,ASP,0,10R,28L,True
KLAR,8503.0,ASP,0,03,21,True
KLAR,6301.0,ASP,0,12,30,True
KLAS,9770.0,CON,0,01L,19R,True
KLAS,9769.0,ASP,0,01R,19L,True
KLAS,14835.0,ASP,0,08L,26R,True
KLAS,10526.0,ASP,0,08R,26L,True
KLAW,8599.0,CON,0,17,35,True
KLAX,8926.0,CON,0,6L,24R,True
KLAX,10859.0,CON,0,6R,24L,True
KLAX,12894.0,CON,0,7L,25R,True
KLAX,11095.0,CON,0,7R,25L,True
KLBB,8003.0,CON,0,08,26,True
KLBB,2891.0,ASP,0,17L,35R,False
KLBB,11500.0,CON,0,17R,35L,True
KLBE,8222.0,ASP,0,06,24,True
KLBE,3596.0,ASP,1,3,21,False
KLBF,8001.0,CON,0,12,30,True
KLBF,4436.0,ASP,0,17,35,False
KLBL,5000.0,CONC-F,0,04,22,True
KLBL,7105.0,ASP,0,17,35,True
KLCH,5200.0,ASP,0,05,23,True
KLCH,6500.0,CON,0,15,33,True
KLCI,5890.0,ASP,0,08,26,True
KLCK,11902.0,ASP,0,05L,23R,True
KLCK,12103.0,PEM,0,05R,23L,True
KLCK,3244.0,ASP,1,06,24,False
KLCQ,4000.0,ASP,0,05,23,False
KLCQ,8003.0,ASP,0,10,28,True
KLDJ,4140.0,ASP,0,9,27,False
KLDM,3503.0,ASPH-G,0,01,19,False
KLDM,5003.0,ASPH-G,0,08,26,True
KLEB,5496.0,ASP,0,07,25,True
KLEB,5200.0,ASP,0,18,36,True
KLEE,4957.0,ASP,0,04,22,False
KLEE,6300.0,ASP,0,13,31,True
KLEW,5001.0,ASP,0,04,22,True
KLEW,2750.0,ASP,0,17,35,False
KLEX,7004.0,ASP,0,04,22,True
KLEX,4000.0,concrete,0,09,27,False
KLFI,10002.0,CON,0,08,26,True
KLFT,4098.0,ASP,0,04L,22R,False
KLFT,8000.0,ASP,0,04R,22L,True
KLFT,5403.0,ASP,0,11,29,True
KLGA,7002.0,ASP,0,04,22,True
KLGA,7002.0,ASP,0,13,31,True
KLGA,60.0,ASP,1,H1,H1,False
KLGB,6192.0,ASP,0,08L,26R,True
KLGB,3918.0,ASP,0,08R,26L,False
KLGB,10000.0,ASP,0,12,30,True
KLGB,4267.0,ASP,1,16L,34R,False
KLGB,4470.0,ASP,1,16R,34L,False
KLGC,5000.0,ASP,0,03,21,True
KLGC,6499.0,ASP,0,13,31,True
KLGU,5007.0,ASP,1,05,23,False
KLGU,4075.0,ASP,0,10,28,False
KLGU,9020.0,ASP,0,17,35,True
KLHM,6001.0,ASP,0,15,33,True
KLHQ,5003.0,ASP,0,10,28,True
KLHV,3799.0,ASP,0,09L,27R,False
KLHV,2179.0,GRS,0,09R,27L,False
KLIC,4700.0,CON,0,16,34,False
KLIT,8273.0,CON,0,04L,22R,True
KLIT,8251.0,CON,0,04R,22L,True
KLIT,6224.0,CON,0,18,36,True
KLKP,4196.0,ASP,0,14,32,False
KLLR,5249.0,ASP,0,11,29,True
KLMT,5162.0,ASP,1,01,19,False
KLMT,5260.0,ASP,0,07,25,True
KLMT,10302.0,PEM,0,14,32,True
KLNA,3256.0,ASP,0,04,22,False
KLNA,3489.0,ASP,0,10,28,False
KLNA,3421.0,ASP,0,16,34,False
KLNK,8649.0,PEM,0,14,32,True
KLNK,5801.0,PEM,0,17,35,True
KLNK,12901.0,PEM,0,18,36,True
KLNN,5028.0,ASP,0,05,23,True
KLNN,4272.0,ASP,0,10,28,False
KLNP,5131.0,ASP,0,06,24,True
KLNS,6933.0,ASP,0,08,26,True
KLNS,4102.0,ASP,0,13,31,False
KLOM,3700.0,ASP,0,06,24,False
KLOT,6500.0,CON,0,02,20,True
KLOT,5500.0,ASP,0,09,27,True
KLOU,4358.0,ASP,0,06,24,False
KLOU,3580.0,ASPH-G,0,15,33,False
KLPR,5002.0,ASP,0,07,25,True
KLQK,5002.0,ASP,0,05,23,True
KLRD,5927.0,CON,0,14,32,True
KLRD,8236.0,CON,0,18L,36R,True
KLRD,8743.0,ASP,0,18R,36L,True
KLRF,12001.0,CON,0,07,25,True
KLRF,3354.0,CON,0,071,251,False
KLRO,3700.0,ASP,0,17,35,False
KLRU,7501.0,ASP,0,04,22,True
KLRU,6069.0,ASP,0,08,26,True
KLRU,7506.0,ASP,0,12,30,True
KLSE,5199.0,ASP,0,04,22,True
KLSE,6050.0,ASP,0,13,31,True
KLSE,8742.0,CON,0,18,36,True
KLSF,10002.0,ASP,0,15,33,True
KLSV,10120.0,CON,0,03L,21R,True
KLSV,10051.0,CON,0,03R,21L,True
KLUF,10000.0,ASP,0,03L,21R,True
KLUF,9912.0,CON,0,03R,21L,True
KLUK,3802.0,ASP,0,03L,21R,False
KLUK,6101.0,ASP,0,03R,21L,True
KLUK,5127.0,ASP,0,07,25,True
KLUL,5513.0,ASP,0,13,31,True
KLVK,5253.0,ASP,0,07L,25R,True
KLVK,2699.0,ASP,0,07R,25L,False
KLVK,24.0,ASP,1,H1,,False
KLVS,5006.0,ASP,0,02,20,True
KLVS,8199.0,ASP,0,14,32,True
KLWB,7003.0,ASP,0,04,22,True
KLWC,3901.0,CON,0,01,19,False
KLWC,5701.0,ASP,0,15,33,True
KLWM,5001.0,ASP,0,05,23,True
KLWM,3654.0,ASP,0,14,32,False
KLWS,6511.0,ASP,0,08,26,True
KLWS,5003.0,ASPH-G,0,12,30,True
KLWT,5600.0,ASP,0,03,21,True
KLWT,6100.0,ASP,0,08,26,True
KLWT,4102.0,ASP,0,13,31,False
KLXT,4000.0,CON,0,11,29,False
KLXT,5501.0,CON,0,18,36,True
KLXV,6400.0,ASP,0,16,34,True
KLYH,7100.0,ASP,0,04,22,True
KLYH,3386.0,ASP,0,17,35,False
KLZD,2700.0,ASPH-G,0,13,31,False
KLZU,6001.0,ASP,0,07,25,True
KM01,3799.0,ASP,0,17,35,False
KM25,4627.0,ASP,0,18,36,False
KM33,6300.0,ASP,0,17,35,True
KM34,3997.0,ASP,0,10,28,False
KM91,5505.0,ASP,0,04,22,True
KMAC,4694.0,ASP,0,10,28,False
KMAC,3614.0,ASP,1,15,33,False
KMAE,3702.0,ASP,0,07,25,False
KMAE,5545.0,ASP,0,12,30,True
KMAF,4605.0,ASP,0,04,22,False
KMAF,8302.0,ASP,0,10,28,True
KMAF,4247.0,ASP,0,16L,34R,False
KMAF,9501.0,ASP,0,16R,34L,True
KMAI,4996.0,ASP,1,04,22,False
KMAI,4763.0,ASPH-P,0,08,26,False
KMAI,3117.0,ASP,1,08L,26R,False
KMAI,4992.0,ASP,1,14,32,False
KMAI,6001.0,ASPH,0,18,36,True
KMAI,3120.0,ASP,1,18R,36L,False
KMAL,3994.0,ASP,0,05,23,False
KMAL,3250.0,ASP,0,14,32,False
KMAO,4505.0,ASP,0,04,22,False
KMBL,2721.0,ASP,0,01,19,False
KMBL,5501.0,ASP,0,10,28,True
KMBO,4444.0,ASP,0,17,35,False
KMBS,8002.0,ASP,0,05,23,True
KMBS,6399.0,ASP,0,14,32,True
KMCB,5000.0,ASP,0,16,34,True
KMCC,10599.0,CON,0,16,34,True
KMCD,3501.0,ASP,0,08,26,False
KMCE,5914.0,ASP,0,12,30,True
KMCF,11421.0,ASP,0,04,22,True
KMCI,10801.0,CON,0,01L,19R,True
KMCI,9500.0,CON,0,01R,19L,True
KMCI,9501.0,ASP,0,09,27,True
KMCK,4000.0,CONC-G,0,04,22,False
KMCK,6450.0,CON,0,12,30,True
KMCK,1330.0,GRS,0,17,35,False
KMCN,6500.0,ASP,0,05,23,True
KMCN,5000.0,ASP,0,14,32,True
KMCO,9001.0,ASP,0,17L,35R,True
KMCO,10000.0,CON,0,17R,35L,True
KMCO,12005.0,PEM,0,18L,36R,True
KMCO,12004.0,CON,0,18R,36L,True
KMCW,5502.0,ASP,0,12,30,True
KMCW,6501.0,ASP,0,18,36,True
KMDD,5571.0,ASP,0,07,25,True
KMDD,3977.0,ASP,0,16,34,False
KMDH,4163.0,ASP,0,06,24,False
KMDH,6506.0,ASP,0,18L,36R,True
KMDH,3498.0,ASP,0,18R,36L,False
KMDQ,6500.0,ASP,0,18,36,True
KMDT,10001.0,ASP,0,13,31,True
KMDW,5507.0,ASP,0,04L,22R,True
KMDW,6445.0,PEM,0,04R,22L,True
KMDW,6522.0,CON,0,13L,31R,True
KMDW,5141.0,ASP,1,13LC,31RC,False
KMDW,3859.0,CON,0,13R,31L,False
KMEI,10003.0,ASP,0,01,19,True
KMEI,5052.0,ASP,0,04,22,True
KMEM,8946.0,ASP,0,09,27,True
KMEM,11120.0,CON,0,18C,36C,True
KMEM,9000.0,CON,0,18L,36R,True
KMEM,9320.0,CON,0,18R,36L,True
KMEV,5299.0,ASPH-G,0,12,30,True
KMEV,2050.0,DIRT-G,0,12G,30G,False
KMEV,7399.0,ASP,0,16,34,True
KMFD,6819.0,ASP,0,05,23,True
KMFD,9001.0,ASP,0,14,32,True
KMFE,7120.0,ASP,0,13,31,True
KMFE,2639.0,ASP,0,18,36,False
KMFR,3136.0,ASP,1,09,27,False
KMFR,8800.0,ASP,0,14,32,True
KMFV,5000.0,ASP,0,03,21,True
KMGE,10002.0,CON,0,11,29,True
KMGE,3495.0,ASPH,0,110,290,False
KMGJ,5006.0,PEM,0,04,22,True
KMGJ,3664.0,ASP,0,08,26,False
KMGM,4011.0,ASP,0,03,21,False
KMGM,9020.0,ASP,0,10,28,True
KMGN,4149.0,ASP,0,10,28,False
KMGR,6000.0,ASP,0,04,22,True
KMGR,3878.0,ASP,0,16,34,False
KMGW,2769.0,ASP,1,05,23,False
KMGW,5199.0,ASP,0,18,36,True
KMGW,2769.0,ASP,1,5,23,False
KMGY,5000.0,ASP,0,02,20,True
KMHE,6701.0,ASP,0,13,31,True
KMHE,5513.0,ASP,0,18,36,True
KMHK,7400.0,CON,0,03,21,True
KMHK,5001.0,PEM,0,13,31,True
KMHP,5001.0,ASP,0,10,28,True
KMHR,6081.0,ASP,0,04L,22R,True
KMHR,11301.0,CON,0,04R,22L,True
KMHT,7651.0,ASP,0,06,24,True
KMHT,9250.0,ASP,0,17,35,True
KMIA,8600.0,ASP,0,08L,26R,True
KMIA,10506.0,ASP,0,08R,26L,True
KMIA,13016.0,ASP,0,09,27,True
KMIA,9360.0,ASP,0,12,30,True
KMIB,13197.0,CON,0,11,29,True
KMIE,5198.0,ASP,0,03,21,True
KMIE,6500.0,ASP,0,14,32,True
KMIV,6003.0,ASP,0,10,28,True
KMIV,5058.0,CON,0,14,32,True
KMJX,5950.0,ASP,0,06,24,True
KMJX,3599.0,Asphalt,0,14,32,False
KMKC,6827.0,CON,0,01,19,True
KMKC,5050.0,ASP,0,04,22,True
KMKE,9990.0,PEM,0,01L,19R,True
KMKE,4182.0,ASP,0,01R,19L,False
KMKE,4797.0,ASP,0,07L,25R,False
KMKE,8300.0,PEM,0,07R,25L,True
KMKE,5537.0,ASP,0,13,31,True
KMKG,6500.0,ASP,0,06,24,True
KMKG,6100.0,ASP,0,14,32,True
KMKJ,5252.0,ASP,0,08,26,True
KMKL,6005.0,ASP,0,02,20,True
KMKL,3539.0,ASP,0,11,29,False
KMKO,4498.0,ASP,0,04,22,False
KMKO,7202.0,CON,0,13,31,True
KMKO,1904.0,ASP,0,18,36,False
KMKT,4000.0,ASP,0,04,22,False
KMKT,6600.0,ASP,0,15,33,True
KMKY,5000.0,ASP,0,17,35,True
KMLB,3001.0,ASP,0,05,23,False
KMLB,6000.0,ASP,0,09L,27R,True
KMLB,10181.0,ASP,0,09R,27L,True
KMLE,3801.0,CON,0,12,30,False
KMLI,3514.0,ASP,0,05,23,False
KMLI,10002.0,PEM,0,09,27,True
KMLI,7301.0,PEM,0,13,31,True
KMLJ,5506.0,ASP,0,10,28,True
KMLT,4713.0,ASP,0,11,29,False
KMLT,4000.0,ASP,0,16,34,False
KMLU,7504.0,PEM,0,04,22,True
KMLU,6301.0,ASP,0,14,32,True
KMLU,5001.0,ASP,1,18,36,False
KMMH,7000.0,ASP,0,09,27,True
KMMI,6450.0,ASP,0,02,20,True
KMMK,3100.0,ASP,0,18,36,False
KMMU,5998.0,ASP,0,05,23,True
KMMU,3997.0,ASP,0,13,31,False
KMMV,5420.0,ASP,0,04,22,True
KMMV,4340.0,ASP,0,17,35,False
KMNN,5000.0,ASP,0,07,25,True
KMNN,3498.0,ASP,0,13,31,False
KMNV,3643.0,ASP,0,05,23,False
KMO1,3000.0,ASP,0,14,32,False
KMOB,8502.0,ASP,0,15,33,True
KMOB,4376.0,ASP,0,18,36,False
KMOD,5904.0,ASP,0,10L,28R,True
KMOD,3464.0,ASP,0,10R,28L,False
KMOR,5718.0,ASP,0,05,23,True
KMOT,6348.0,ASP,0,08,26,True
KMOT,7700.0,CON,0,13,31,True
KMPE,5001.0,ASP,0,18,36,True
KMPO,3999.0,ASP,0,05,23,False
KMPO,5001.0,ASP,0,13,31,True
KMPV,3001.0,ASP,0,05,23,False
KMPV,5000.0,ASP,0,17,35,True
KMPZ,1967.0,GRS,0,03,21,False
KMPZ,4001.0,ASP,0,15,33,False
KMQI,4306.0,ASP,0,05,23,False
KMQI,3303.0,ASP,0,17,35,False
KMQJ,6005.0,CON,0,07,25,True
KMQJ,3902.0,CON,0,16,34,False
KMQS,5400.0,ASP,0,11,29,True
KMQY,5546.0,ASP,0,01,19,True
KMQY,8038.0,ASP,0,14,32,True
KMRB,8815.0,ASP,0,08,26,True
KMRB,5001.0,ASP,1,17,35,False
KMRF,5309.0,ASP,0,04,22,True
KMRF,2825.0,,0,09,27,False
KMRF,6203.0,ASP,0,13,31,True
KMRH,4192.0,ASP,0,03,21,False
KMRH,5004.0,ASP,0,08,26,True
KMRH,4001.0,ASP,0,14,32,False
KMRN,5500.0,ASP,0,03,21,True
KMRY,3503.0,ASP,0,10L,28R,False
KMRY,7175.0,ASP,0,10R,28L,True
KMSL,6693.0,ASP,0,11,29,True
KMSL,4000.0,ASP,0,18,36,False
KMSN,7200.0,CON,0,03,21,True
KMSN,5846.0,CON,0,14,32,True
KMSN,9006.0,CON,0,18,36,True
KMSO,4612.0,ASP,1,08,26,False
KMSO,9501.0,ASP,0,12,30,True
KMSP,11006.0,CON,0,04,22,True
KMSP,8200.0,PEM,0,12L,30R,True
KMSP,10000.0,PEM,0,12R,30L,True
KMSP,8000.0,CON,0,17,35,True
KMSS,5601.0,ASP,0,05,23,True
KMSS,4000.0,ASP,0,09,27,False
KMSV,6298.0,ASP,0,15,33,True
KMSY,7002.0,ASP,0,02,20,True
KMSY,3570.0,ASP,1,06,24,False
KMSY,10104.0,PEM,0,11,29,True
KMTC,9000.0,PEM,0,01,19,True
KMTH,5008.0,ASP,0,07,25,True
KMTJ,7510.0,ASP,0,13,31,True
KMTJ,10000.0,ASP,0,17,35,True
KMTN,6999.0,CON,0,15,33,True
KMTO,5799.0,ASP,0,06,24,True
KMTO,6501.0,CON,0,11,29,True
KMTO,1098.0,GRS,0,18,36,False
KMTP,3246.0,ASP,0,06,24,False
KMTV,5002.0,ASP,0,13,31,True
KMUO,10000.0,ASP,1,07,25,False
KMUO,13510.0,PEM,0,12,30,True
KMVL,4200.0,ASP,0,01,19,False
KMVM,2880.0,ASP,0,18,36,False
KMVY,3177.0,ASP,1,01,19,False
KMVY,5504.0,ASP,0,06,24,True
KMVY,3327.0,ASP,0,15,33,False
KMWA,8012.0,ASP,0,02,20,True
KMWA,4997.0,ASP,0,11,29,False
KMWC,3203.0,ASP,0,04L,22R,False
KMWC,2840.0,GRS,0,04R,22L,False
KMWC,4107.0,ASP,0,15L,33R,False
KMWC,3231.0,GRS,0,15R,33L,False
KMWH,10000.0,PEM,0,04,22,True
KMWH,3500.0,CON,0,09,27,False
KMWH,13503.0,PEM,0,14L,32R,True
KMWH,2936.0,CON,0,14R,32L,False
KMWH,3327.0,ASP,0,18,36,False
KMWK,5500.0,ASP,0,18,36,True
KMWL,5996.0,ASP,0,13,31,True
KMWL,4188.0,ASP,0,17,35,False
KMWO,6100.0,ASP,0,05,23,True
KMWO,3026.0,GRE,0,08,26,False
KMYF,3400.0,ASP,0,05,23,False
KMYF,4598.0,ASP,0,10L,28R,False
KMYF,3401.0,ASP,0,10R,28L,False
KMYL,6101.0,ASP,0,16,34,True
KMYR,9503.0,ASP,0,18,36,True
KMYV,3314.0,ASP,0,05,23,False
KMYV,6007.0,ASP,0,14,32,True
KN12,2987.0,ASP,0,06,24,False
KN13,3200.0,ASP,0,09,27,False
KN40,2900.0,ASP,0,07,25,False
KN66,4200.0,ASP,0,06,24,False
KN87,4275.0,ASP,0,11,29,False
KN89,3839.0,ASP,0,04,22,False
KN94,4008.0,ASP,0,10,28,False
KN98,4001.0,ASP,0,09,27,False
KNBC,12202.0,PEM,0,05,23,True
KNBC,6425.0,ASP,1,10,28,False
KNBC,8001.0,PEM,0,14,32,True
KNBC,3941.0,ASP,1,18,36,False
KNEW,3114.0,ASP,0,09,27,False
KNEW,3697.0,ASP,0,18L,36R,False
KNEW,6879.0,ASP,0,18R,36L,True
KNFL,7003.0,PEM,0,07,25,True
KNFL,11076.0,CON,0,13L,31R,True
KNFL,14001.0,PEM,0,13R,31L,True
KNFW,11999.0,CON,0,18,36,True
KNGU,8370.0,ASP,0,10,28,True
KNHK,5021.0,ASP,0,02,20,True
KNHK,11799.0,PEM,0,06,24,True
KNHK,9732.0,PEM,0,14,32,True
KNID,10000.0,PEM,0,03,21,True
KNID,11199.0,PEM,0,08,26,True
KNID,9014.0,PEM,0,14,32,True
KNIP,9003.0,ASPH,0,10,28,True
KNIP,5978.0,ASP,0,14,32,True
KNJK,9503.0,PEM,0,08,26,True
KNJK,6825.0,PEM,0,12,30,True
KNKT,8489.0,ASP,0,05L,23R,True
KNKT,8189.0,ASP,0,05R,23L,True
KNKT,8978.0,ASP,0,14L,32R,True
KNKT,8397.0,ASP,0,14R,32L,True
KNKX,1000.0,concrete,0,06H,24H,False
KNKX,12000.0,CON,0,06L,24R,True
KNKX,8001.0,PEM,0,06R,24L,True
KNKX,2800.0,CON,1,10,28,False
KNKX,100.0,concrete,0,H1,,False
KNKX,100.0,concrete,0,H2,,False
KNKX,100.0,concrete,0,H3,,False
KNLC,13502.0,CON,0,14L,32R,True
KNLC,13501.0,CON,0,14R,32L,True
KNPA,7136.0,ASP,0,01,19,True
KNPA,8001.0,ASP,0,07L,25R,True
KNPA,8000.0,ASP,0,07R,25L,True
KNQX,7001.0,PEM,0,04,22,True
KNQX,10001.0,PEM,0,08,26,True
KNQX,7000.0,PEM,0,14,32,True
KNTD,11102.0,ASP,0,03,21,True
KNTD,5502.0,ASP,0,09,27,True
KNTU,8000.0,CON,0,05L,23R,True
KNTU,12001.0,PEM,0,05R,23L,True
KNTU,8001.0,CON,0,14L,32R,True
KNTU,8000.0,PEM,0,14R,32L,True
KNUQ,9197.0,CON,0,14L,32R,True
KNUQ,8121.0,ASP,0,14R,32L,True
KNUW,7999.0,CON,0,07,25,True
KNUW,8001.0,CONC,0,14,32,True
KNY0,4000.0,ASP,0,10,28,False
KNYL,13300.0,CON,0,03L,21R,True
KNYL,9240.0,PEM,0,03R,21L,True
KNYL,6146.0,PEM,0,08,26,True
KNYL,5710.0,PEM,1,17,35,False
KNZY,7501.0,PEM,0,11,29,True
KNZY,8001.0,PEM,0,18,36,True
KO22,2607.0,TURF-G,0,11,29,False
KO22,4673.0,ASP,0,17,35,False
KO22,100.0,ASPH,0,H1,H1,False
KO22,78.0,ASPH,0,H2,H2,False
KO41,3770.0,ASP,0,18,36,False
KO69,3600.0,ASP,0,11,29,False
KOAJ,7100.0,ASP,0,05,23,True
KOAK,5457.0,ASP,0,10L,28R,True
KOAK,6213.0,ASP,0,10R,28L,True
KOAK,10520.0,ASP,0,12,30,True
KOAK,3376.0,ASP,0,15,33,False
KOAR,3483.0,ASP,0,11,29,False
KOBE,5000.0,ASP,0,05,23,True
KOBE,4001.0,ASP,0,14,32,False
KOBI,3304.0,ASP,0,01,19,False
KOBI,3074.0,ASPH-G,0,13,31,False
KOCF,3009.0,ASP,0,08,26,False
KOCF,7467.0,ASP,0,18,36,True
KODO,5703.0,ASP,0,02,20,True
KODO,6200.0,ASP,0,11,29,True
KODO,5003.0,ASP,0,16,34,True
KOEO,2065.0,GRS,0,04,22,False
KOEO,5006.0,ASP,0,10,28,True
KOFF,11700.0,Ashphalt,1,12,30,False
KOFK,5800.0,ASP,0,02,20,True
KOFK,5806.0,ASP,0,14,32,True
KOFP,5402.0,ASP,0,16,34,True
KOGD,8107.0,ASP,0,03,21,True
KOGD,5600.0,ASP,1,07,25,False
KOGD,5195.0,ASP,0,17,35,True
KOGS,6400.0,ASP,0,09,27,True
KOJC,4097.0,CON,0,18,36,False
KOKC,7800.0,PEM,0,13,31,True
KOKC,9802.0,CON,0,17L,35R,True
KOKC,9801.0,CON,0,17R,35L,True
KOKC,3079.0,ASP,0,18,36,False
KOKH,3265.0,ASP,0,07,25,False
KOKV,5498.0,ASP,0,14,32,True
KOKZ,5501.0,ASP,0,13,31,True
KOLD,2802.0,ASP,0,04,22,False
KOLD,4001.0,ASP,0,12,30,False
KOLD,8400.0,WATER,0,17W,35W,False
KOLE,4800.0,ASP,0,04,22,False
KOLE,2117.0,GRS,0,16,34,False
KOLF,5091.0,ASP,0,11,29,True
KOLM,4157.0,ASP,0,08,26,False
KOLM,5500.0,ASP,0,17,35,True
KOLS,7200.0,ASP,0,04,22,True
KOLV,6000.0,ASP,0,18,36,True
KOMA,8500.0,CON,0,14L,32R,True
KOMA,9502.0,PEM,0,14R,32L,True
KOMA,8154.0,PEM,0,18,36,True
KOMH,3200.0,ASPH-E,0,08,26,False
KOMN,4000.0,ASP,1,04,22,False
KOMN,4005.0,ASP,0,09,27,False
KOMN,4000.0,ASP,1,13,31,False
KOMN,3704.0,ASP,0,17,35,False
KONA,5679.0,ASP,0,12,30,True
KONA,2553.0,ASP,1,17,35,False
KONO,5006.0,ASP,0,15,33,True
KONP,3001.0,ASP,0,02,20,False
KONP,5398.0,ASP,0,16,34,True
KONT,12197.0,CON,0,08L,26R,True
KONT,10200.0,CON,0,08R,26L,True
KONX,5502.0,CON,0,05,23,True
KOPF,8002.0,ASP,0,09L,27R,True
KOPF,4309.0,ASP,0,09R,27L,False
KOPF,6800.0,ASP,0,12,30,True
KOPN,6350.0,ASP,0,12,30,True
KOQN,3347.0,ASP,0,09,27,False
KOQU,4000.0,ASP,1,01,19,False
KOQU,4000.0,ASP,0,05,23,False
KOQU,2963.0,ASP,1,10,28,False
KOQU,7000.0,PEM,0,16,34,True
KORD,7500.0,ASP,0,04L,22R,True
KORD,8075.0,ASP,0,04R,22L,True
KORD,11245.0,concrete,0,09C,27C,True
KORD,7500.0,ASP,0,09L,27R,True
KORD,11260.0,ASP,0,09R,27L,True
KORD,10800.0,CON,0,10C,28C,True
KORD,13000.0,CON,0,10L,28R,True
KORD,7500.0,CONCRETE,0,10R,28L,True
KORD,10005.0,ASP,1,14L,32R,False
KORD,9686.0,ASP,1,15,33,False
KORD,5332.0,ASP,1,18,36,False
KORE,5002.0,ASP,0,01,19,True
KORE,5000.0,ASP,1,06,24,False
KORE,4800.0,ASP,0,14,32,False
KORF,9001.0,ASP,0,05,23,True
KORF,4876.0,ASP,0,14,32,False
KORH,7001.0,ASP,0,11,29,True
KORH,5000.0,ASP,0,15,33,True
KORL,6004.0,ASP,0,07,25,True
KORL,4625.0,ASP,0,13,31,False
KORS,2901.0,ASPH-G,0,16,34,False
KOSH,3424.0,ASP,0,05,23,False
KOSH,6179.0,ASP,0,09,27,True
KOSH,3061.0,ASP,0,13,31,False
KOSH,8002.0,CON,0,18,36,True
KOSU,3562.0,ASP,0,05,23,False
KOSU,2994.0,ASP,0,09L,27R,False
KOSU,5004.0,ASP,0,09R,27L,True
KOSU,3438.0,ASP,1,14,32,False
KOTH,5980.0,ASP,0,05,23,True
KOTH,4470.0,ASP,0,13,31,False
KOTM,4601.0,ASP,0,04,22,False
KOTM,6001.0,PEM,0,13,31,True
KOUN,4748.0,ASP,0,03,21,False
KOUN,5200.0,ASP,0,17,35,True
KOWA,5500.0,CON,0,12,30,True
KOWB,5000.0,ASP,0,06,24,True
KOWB,8000.0,concrete/grooved,0,18,36,True
KOWD,3995.0,ASP,0,10,28,False
KOWD,4007.0,ASP,0,17,35,False
KOXB,3204.0,PEM,0,02,20,False
KOXB,4074.0,PEM,0,14,32,False
KOXC,5800.0,ASP,0,18,36,True
KOXD,4011.0,ASP,0,05,23,False
KOXR,5953.0,ASP,0,07,25,True
KP13,6500.0,ASP,0,09,27,True
KPAE,4514.0,ASP,1,11,29,False
KPAE,3004.0,ASP,0,16L,34R,False
KPAE,9010.0,ASP,0,16R,34L,True
KPAH,6499.0,ASP,0,04,22,True
KPAH,5499.0,ASP,0,14,32,True
KPAM,10008.0,CON,0,14L,32R,True
KPAM,10107.0,PEM,0,14R,32L,True
KPAO,2441.0,ASP,0,13,31,False
KPBG,11759.0,CON,0,17,35,True
KPBI,10001.0,ASPH-G,0,10L,28R,True
KPBI,3214.0,ASPH-G,0,10R,28L,False
KPBI,6931.0,ASPH-G,0,14,32,True
KPCM,3950.0,ASP,0,10,28,False
KPCW,5646.0,ASP,0,09,27,True
KPCW,4002.0,ASP,0,18,36,False
KPDK,3383.0,ASP,1,09,27,False
KPDK,3968.0,ASP,0,16,34,False
KPDK,3746.0,ASP,0,3L,21R,False
KPDK,6001.0,CON,0,3R,21L,True
KPDK,56.0,CON,0,H1,,False
KPDT,6301.0,ASP,0,08,26,True
KPDT,4808.0,ASP,0,11,29,False
KPDT,4341.0,ASP,1,16,34,False
KPDX,9825.0,ASP,0,10L,28R,True
KPDX,11000.0,ASP,0,10R,28L,True
KPDX,6000.0,ASP,0,3,21,True
KPEO,5499.0,ASP,0,01,19,True
KPEO,3561.0,ASP,0,10,28,False
KPEX,3302.0,ASP,0,11,29,False
KPGA,2201.0,ASP,0,07,25,False
KPGA,5950.0,ASP,0,15,33,True
KPGD,7193.0,ASPH-G,0,04,22,True
KPGD,2636.0,ASP,0,09,27,False
KPGD,6286.0,ASP,0,15,33,True
KPGV,7175.0,ASP,0,02,20,True
KPGV,4997.0,ASP,0,08,26,False
KPGV,2687.0,ASP,1,15,33,False
KPHF,6526.0,CON,0,02,20,True
KPHF,8003.0,CON,0,07,25,True
KPHL,5001.0,ASP,0,08,26,True
KPHL,9500.0,ASP,0,09L,27R,True
KPHL,12000.0,ASP,0,09R,27L,True
KPHL,6500.0,ASP,0,17,35,True
KPHN,5104.0,ASP,0,04,22,True
KPHN,4000.0,ASP,0,10,28,False
KPHX,10300.0,ASP,0,07L,25R,True
KPHX,7800.0,CON,0,07R,25L,True
KPHX,11489.0,CON,0,08,26,True
KPIA,8004.0,ASP,0,04,22,True
KPIA,10104.0,CON,0,13,31,True
KPIB,6503.0,ASP,0,18,36,True
KPIE,6000.0,ASP,0,04,22,True
KPIE,5165.0,ASP,1,09,27,False
KPIE,8800.0,ASP,1,17L,35R,False
KPIE,4000.0,ASP,1,17R,35L,False
KPIE,9730.0,concrete,0,18,36,True
KPIH,9059.0,ASP,0,03,21,True
KPIH,7150.0,ASP,0,17,35,True
KPIM,5002.0,ASP,0,09,27,True
KPIR,6880.0,ASP,0,07,25,True
KPIR,6900.0,ASP,0,13,31,True
KPIT,10775.0,PEM,0,10C,28C,True
KPIT,10502.0,PEM,0,10L,28R,True
KPIT,11500.0,CON,0,10R,28L,True
KPIT,8101.0,CON,0,14,32,True
KPJC,5002.0,ASP,0,17,35,True
KPKB,7240.0,ASP,0,03,21,True
KPKB,4002.0,ASP,0,10,28,False
KPLK,3738.0,ASP,0,12,30,False
KPLN,5401.0,ASP,0,05,23,True
KPLN,6513.0,ASP,0,14,32,True
KPMP,4001.0,ASP,0,06,24,False
KPMP,3687.0,ASP,0,10,28,False
KPMP,4918.0,ASP,0,15,33,False
KPNA,8900.0,ASP,0,11,29,True
KPNE,7000.0,ASP,0,06,24,True
KPNE,4999.0,ASP,0,15,33,False
KPNN,3998.0,ASP,1,06,24,False
KPNN,4007.0,ASP,0,15,33,False
KPNS,7000.0,ASP,0,08,26,True
KPNS,7004.0,ASP,0,17,35,True
KPOB,3000.0,ASPH,0,049,229,False
KPOB,7501.0,PEM,0,05,23,True
KPOC,3661.0,ASP,0,08L,26R,False
KPOC,4840.0,ASP,0,08R,26L,False
KPOF,5008.0,PEM,0,18,36,True
KPOU,5001.0,ASP,0,06,24,True
KPOU,1357.0,GRS,0,07,25,False
KPOU,2743.0,PEM,0,15,33,False
KPQI,7441.0,ASP,0,01,19,True
KPQI,6000.0,ASP,0,10,28,True
KPRB,6008.0,ASP,0,01,19,True
KPRB,4701.0,ASP,0,13,31,False
KPRC,4395.0,ASP,0,03L,21R,False
KPRC,7619.0,ASP,0,03R,21L,True
KPRC,4408.0,ASP,0,12,30,False
KPSC,7707.0,ASP,0,03L,21R,True
KPSC,4423.0,ASP,0,03R,21L,False
KPSC,7703.0,ASP,0,12,30,True
KPSF,5792.0,ASP,0,08,26,True
KPSF,3147.0,ASP,0,14,32,False
KPSM,11321.0,PEM,0,16,34,True
KPSO,8100.0,ASP,0,01,19,True
KPSP,4953.0,ASP,0,13L,31R,False
KPSP,10000.0,ASP,0,13R,31L,True
KPTD,3703.0,ASP,0,06,24,False
KPTK,2451.0,ASP,1,04,22,False
KPTK,5676.0,ASP,0,09L,27R,True
KPTK,6521.0,ASP,0,09R,27L,True
KPTK,2582.0,ASP,0,18,36,False
KPTN,4500.0,WATER,0,04W,22W,False
KPTN,5399.0,ASP,0,06,24,True
KPTV,5960.0,ASP,0,12,30,True
KPTW,3371.0,ASP,0,10,28,False
KPUB,4690.0,ASP,0,08L,26R,False
KPUB,10498.0,ASP,0,08R,26L,True
KPUB,8268.0,ASP,1,12,30,False
KPUB,8310.0,ASP,0,17,35,True
KPUW,7100.0,ASP,0,05,23,True
KPVC,3502.0,ASP,0,07,25,False
KPVD,8700.0,ASP,0,05,23,True
KPVD,6081.0,ASP,0,16,34,True
KPVG,3525.0,ASP,0,02,20,False
KPVG,5350.0,ASP,0,10,28,True
KPVU,8603.0,ASP,0,13,31,True
KPVU,6628.0,ASP,0,18,36,True
KPWA,4214.0,CON,0,13,31,False
KPWA,7199.0,CON,0,17L,35R,True
KPWA,5002.0,ASP,0,17R,35L,True
KPWK,4415.0,ASP,0,12,30,False
KPWK,5001.0,ASP,0,16,34,True
KPWK,3677.0,ASP,1,6,24,False
KPWM,7200.0,ASP,0,11,29,True
KPWM,6100.0,ASP,0,18,36,True
KPWT,6000.0,ASP,0,02,20,True
KPWT,5122.0,ASP,1,16,34,False
KPXE,5004.0,ASP,0,18,36,True
KPYM,4650.0,ASP,0,06,24,False
KPYM,4350.0,ASP,0,15,33,False
KRAC,6574.0,CON,0,04,22,True
KRAC,4421.0,ASP,0,14,32,False
KRAP,3601.0,ASP,0,05,23,False
KRAP,8701.0,CON,0,14,32,True
KRAS,3482.0,ASP,0,12,30,False
KRBD,7136.0,PEM,0,13,31,True
KRBD,3800.0,PEM,0,17,35,False
KRBW,6002.0,PEM,0,05,23,True
KRBW,5408.0,PEM,1,09,27,False
KRBW,5705.0,PEM,0,17,35,True
KRCA,13497.0,CON,0,13,31,True
KRDD,5067.0,ASP,0,12,30,True
KRDD,7003.0,ASP,0,16,34,True
KRDG,6350.0,ASP,0,13,31,True
KRDG,5151.0,ASP,0,18,36,True
KRDM,7038.0,ASP,0,05,23,True
KRDM,7006.0,ASP,0,11,29,True
KRDU,10000.0,CON,0,05L,23R,True
KRDU,7500.0,ASP,0,05R,23L,True
KRDU,3570.0,ASP,0,14,32,False
KRFD,8200.0,ASP,0,01,19,True
KRFD,10002.0,PEM,0,07,25,True
KRHI,5600.0,ASP,1,05,23,False
KRHI,6800.0,CON,0,09,27,True
KRHI,5201.0,ASP,0,15,33,True
KRIC,6607.0,ASP,0,02,20,True
KRIC,5326.0,ASP,1,07,25,False
KRIC,9003.0,ASP,0,16,34,True
KRIL,7000.0,ASP,0,08,26,True
KRIV,3061.0,ASP,1,12,30,False
KRIV,13302.0,CON,0,14,32,True
KRIW,4800.0,ASP,0,01,19,False
KRIW,8204.0,ASP,0,10,28,True
KRKD,4000.0,ASP,0,03,21,False
KRKD,5412.0,ASP,0,13,31,True
KRKP,4350.0,ASP,1,09,27,False
KRKP,5608.0,ASP,0,14,32,True
KRKP,4498.0,ASP,0,18,36,False
KRKS,5228.0,ASP,0,03,21,True
KRKS,10002.0,ASP,0,09,27,True
KRME,11820.0,CON,0,15,33,True
KRMG,7010.0,ASP,0,01,19,True
KRMG,4498.0,ASP,0,07,25,False
KRMG,3596.0,ASP,1,14,32,False
KRMN,6000.0,ASP,0,15,33,True
KRNM,5001.0,ASP,0,09,27,True
KRNO,6102.0,CON,0,08,26,True
KRNO,9000.0,CON,0,17L,35R,True
KRNO,11001.0,CON,0,17R,35L,True
KRNT,5382.0,ASPH-CONC-G,0,16,34,True
KRNV,5005.0,ASP,0,18,36,True
KROA,6800.0,ASPH-G,0,06,24,True
KROA,5810.0,ASPH-G,0,16,34,True
KROC,8001.0,ASP,0,04,22,True
KROC,4000.0,ASP,0,07,25,False
KROC,6402.0,ASP,0,10,28,True
KROG,6011.0,ASP,0,02,20,True
KROW,13000.0,PEM,0,03,21,True
KROW,7425.0,PEM,1,12,30,False
KROW,10008.0,ASP,0,17,35,True
KRPD,6700.0,ASP,0,01,19,True
KRPD,3500.0,ASP,0,13,31,False
KRQB,4300.0,ASP,0,09,27,False
KRQB,2699.0,ASP,0,14,32,False
KRSL,1602.0,GRE,0,03,21,False
KRSL,5000.0,CON,0,17,35,True
KRSN,6002.0,ASP,0,18,36,True
KRST,7301.0,CON,0,03,21,True
KRST,9034.0,CON,0,13,31,True
KRSW,12000.0,ASP,0,06,24,True
KRTN,7615.0,ASP,0,02,20,True
KRTN,4425.0,ASP,0,07,25,False
KRUE,5505.0,ASP,0,07,25,True
KRUQ,5501.0,ASP,0,02,20,True
KRUT,5304.0,ASP,0,01,19,True
KRUT,3169.0,ASP,0,13,31,False
KRVJ,5003.0,ASP,0,11,29,True
KRVN,3504.0,ASP,0,07,25,False
KRVS,5101.0,ASP,0,01L,19R,True
KRVS,4205.0,ASP,0,01R,19L,False
KRVS,2639.0,ASP,0,13,31,False
KRWI,7099.0,ASP,0,04,22,True
KRYY,6295.0,ASP,0,09,27,True
KRZR,6200.0,ASP,0,03,21,True
KS05,3601.0,ASP,0,16,34,False
KS10,3506.0,ASP,0,02,20,False
KS21,5460.0,ASP,0,18,36,True
KS97,4000.0,ASP,0,07,25,False
KSAA,8801.0,ASP,0,05,23,True
KSAC,5503.0,ASP,0,02,20,True
KSAC,3837.0,ASP,0,12,30,False
KSAC,3485.0,ASP,0,16,34,False
KSAD,4802.0,ASP,0,08,26,False
KSAD,6007.0,ASP,0,12,30,True
KSAF,8366.0,ASP,0,02,20,True
KSAF,6301.0,ASP,0,10,28,True
KSAF,6316.0,ASP,0,15,33,True
KSAN,9401.0,ASP,0,09,27,True
KSAT,8505.0,CON,0,04,22,True
KSAT,5519.0,ASP,0,13L,31R,True
KSAT,8502.0,CON,0,13R,31L,True
KSAV,7002.0,CONC-G,0,01,19,True
KSAV,9351.0,CONC-G,0,10,28,True
KSAW,9072.0,PEM,0,01,19,True
KSBA,6037.0,ASP,0,07,25,True
KSBA,4190.0,ASP,0,15L,33R,False
KSBA,4190.0,ASP,0,15R,33L,False
KSBD,10000.0,CON,0,06,24,True
KSBM,6801.0,CON,0,04,22,True
KSBM,5002.0,ASP,0,13,31,True
KSBN,4300.0,ASP,0,09L,27R,False
KSBN,8412.0,ASP,0,09R,27L,True
KSBN,7101.0,ASP,0,18,36,True
KSBO,6021.0,ASP,0,13,31,True
KSBP,2500.0,ASP,0,07,25,False
KSBP,6101.0,ASP,0,11,29,True
KSBS,4452.0,ASP,0,14,32,False
KSBY,5000.0,ASP,0,05,23,True
KSBY,6400.0,PEM,0,14,32,True
KSCD,5390.0,ASP,0,09,27,True
KSCH,7001.0,ASP,0,04,22,True
KSCH,4850.0,ASP,0,10,28,False
KSCH,2639.0,ASP,1,15,33,False
KSCK,10245.0,ASP,0,11L,29R,True
KSCK,4448.0,ASP,0,11R,29L,False
KSDC,3803.0,ASP,0,10,28,False
KSDF,7251.0,CON,0,11,29,True
KSDF,8578.0,CON,0,17L,35R,True
KSDF,11887.0,CON,0,17R,35L,True
KSDL,8249.0,ASP,0,03,21,True
KSDM,7972.0,PEM,0,08L,26R,True
KSDM,3185.0,ASP,0,08R,26L,False
KSDY,5705.0,ASP,0,01,19,True
KSDY,4024.0,ASP,0,11,29,False
KSEA,9426.0,PEM,0,16C,34C,True
KSEA,11901.0,PEM,0,16L,34R,True
KSEA,8500.0,PEM,0,16R,34L,True
KSEA,,,1,lower,high,False
KSEE,5342.0,ASP,0,09L,27R,True
KSEE,2738.0,ASP,0,09R,27L,False
KSEE,4145.0,ASP,0,17,35,False
KSEF,5106.0,CON,1,04,22,False
KSEF,4928.0,CON,1,09,27,False
KSEF,4990.0,CON,0,14,32,False
KSEF,5190.0,ASP,0,18,36,True
KSEG,4760.0,ASP,0,17,35,False
KSEP,2502.0,ASP,1,03,21,False
KSEP,4209.0,ASP,0,14,32,False
KSER,6001.0,ASP,0,05,23,True
KSER,1104.0,TURF-E,0,09U,27U,False
KSER,5502.0,ASP,0,14,32,True
KSER,1215.0,TURF-F,0,18U,36U,False
KSEZ,5132.0,ASP,0,03,21,True
KSFB,3578.0,ASP,0,09C,27C,False
KSFB,11002.0,ASP,0,09L,27R,True
KSFB,5839.0,ASP,0,09R,27L,True
KSFB,6002.0,PEM,0,18,36,True
KSFF,6000.0,WATER,0,3W,21W,False
KSFF,4500.0,CON,0,4L,22R,False
KSFF,2650.0,ASP,0,4R,22L,False
KSFM,6000.0,ASP,1,01,19,False
KSFM,6389.0,ASP,0,07,25,True
KSFM,4999.0,ASP,0,14,32,False
KSFO,11870.0,ASP,0,10L,28R,True
KSFO,11381.0,ASP,0,10R,28L,True
KSFO,7650.0,ASP,0,1L,19R,True
KSFO,8660.0,ASP,0,1R,19L,True
KSFZ,5000.0,ASP,0,05,23,True
KSFZ,3211.0,ASP,0,15,33,False
KSGF,7003.0,CON,0,02,20,True
KSGF,8000.0,PEM,0,14,32,True
KSGH,9010.0,PEM,0,06,24,True
KSGH,5498.0,ASP,0,15,33,True
KSGJ,2609.0,ASP,0,02,20,False
KSGJ,2701.0,ASP,0,06,24,False
KSGJ,5000.0,WATER,0,12W,30W,False
KSGJ,8001.0,ASP,0,13,31,True
KSGJ,4001.0,ASP,1,16,34,False
KSGJ,12000.0,WATER,0,17W,35W,False
KSGJ,12000.0,WATER,0,18W,36W,False
KSGR,8000.0,CON,0,17,35,True
KSGT,5002.0,CON,0,09,27,True
KSGT,6015.0,PEM,0,18,36,True
KSGU,9300.0,ASP,0,1,19,True
KSHD,6002.0,ASP,0,05,23,True
KSHN,5005.0,ASP,0,05,23,True
KSHR,5039.0,ASP,0,06,24,True
KSHR,6648.0,ASP,1,13,31,False
KSHR,8301.0,ASP,0,15,33,True
KSHV,7003.0,ASP,0,06,24,True
KSHV,8348.0,ASP,0,14,32,True
KSIF,5200.0,ASP,0,13,31,True
KSIK,5502.0,ASP,0,03,21,True
KSIY,7490.0,ASP,0,17,35,True
KSJC,4599.0,ASP,1,11,29,False
KSJC,11000.0,CON,0,12L,30R,True
KSJC,11000.0,CON,0,12R,30L,True
KSJT,5940.0,ASP,0,03,21,True
KSJT,4406.0,ASP,0,09,27,False
KSJT,8054.0,ASP,0,18,36,True
KSKA,13899.0,CON,0,05,23,True
KSKF,11550.0,CON,0,16,34,True
KSKX,5504.0,ASP,0,04,22,True
KSLC,4893.0,ASP,0,14,32,False
KSLC,12002.0,ASP,0,16L,34R,True
KSLC,12000.0,CON,0,16R,34L,True
KSLC,9596.0,ASP,0,17,35,True
KSLE,5811.0,ASP,0,13,31,True
KSLE,5146.0,ASP,0,16,34,True
KSLI,5901.0,PEM,0,04L,22R,True
KSLI,7999.0,ASP,0,04R,22L,True
KSLI,2500.0,ASP,1,17,35,False
KSLK,6573.0,ASP,0,05,23,True
KSLK,3997.0,ASP,0,09,27,False
KSLN,3648.0,ASP,0,04,22,False
KSLN,6510.0,ASP,0,12,30,True
KSLN,12301.0,ASP,0,17,35,True
KSLN,4301.0,ASP,0,18,36,False
KSMF,8605.0,CON,0,17L,35R,True
KSMF,8598.0,CON,0,17R,35L,True
KSMN,5510.0,ASP,0,17,35,True
KSMO,3500.0,Asphalt,0,03,21,False
KSMQ,1923.0,GRE,0,08,26,False
KSMQ,2739.0,ASP,0,12,30,False
KSMQ,1700.0,GRS,0,17,35,False
KSMS,5501.0,ASP,0,05,23,True
KSMS,3081.0,GRS,0,14,32,False
KSMX,5199.0,ASP,0,02,20,True
KSMX,8004.0,ASP,0,12,30,True
KSNA,5700.0,ASP,0,02L,20R,True
KSNA,2886.0,ASP,0,02R,20L,False
KSNC,2722.0,ASP,0,17,35,False
KSNH,5002.0,CON,0,01,19,True
KSNK,4200.0,ASP,0,08,26,False
KSNK,5599.0,ASP,0,17,35,True
KSNL,4200.0,ASP,1,13,31,False
KSNL,5997.0,ASP,0,17,35,True
KSNS,6004.0,ASP,0,08,26,True
KSNS,4825.0,ASP,0,13,31,False
KSNS,1900.0,ASP,1,14,32,False
KSOP,6503.0,ASP,0,05,23,True
KSOP,1999.0,GRS,1,14,32,False
KSOW,3938.0,ASP,0,04,22,False
KSOW,7202.0,ASP,0,07,25,True
KSPA,5852.0,ASP,0,05,23,True
KSPF,1995.0,TURF-G,0,04,22,False
KSPF,4003.0,GRS,0,08,26,False
KSPF,6401.0,ASPH-G,0,13,31,True
KSPG,3676.0,ASP,0,07,25,False
KSPG,2864.0,ASP,0,18,36,False
KSPI,8001.0,CON,0,04,22,True
KSPI,7399.0,ASP,0,13,31,True
KSPI,5300.0,PEM,0,18,36,True
KSPS,10003.0,PEM,0,15C,33C,True
KSPS,6000.0,PEM,0,15L,33R,True
KSPS,13100.0,CON,0,15R,33L,True
KSPS,7021.0,ASP,0,17,35,True
KSPW,6001.0,CON,0,12,30,True
KSPW,5100.0,CON,0,18,36,True
KSQL,2621.0,ASP,0,12,30,False
KSRB,6704.0,ASP,0,04,22,True
KSRQ,5006.0,ASP,0,04,22,True
KSRQ,9500.0,ASP,0,14,32,True
KSSC,10014.0,CON,0,04L,22R,True
KSSC,8014.0,CON,0,04R,22L,True
KSSF,5000.0,ASP,0,09,27,True
KSSF,4128.0,ASP,0,14,32,False
KSSI,5584.0,ASP,0,04,22,True
KSSI,3313.0,ASP,0,16,34,False
KSTC,3000.0,ASP,0,05,23,False
KSTC,7500.0,CON,0,13,31,True
KSTE,6028.0,ASP,0,03,21,True
KSTE,3635.0,ASP,0,12,30,False
KSTF,5550.0,ASP,0,18,36,True
KSTL,7603.0,CON,0,06,24,True
KSTL,9000.0,CON,0,11,29,True
KSTL,9013.0,CON,0,12L,30R,True
KSTL,11020.0,CON,0,12R,30L,True
KSTP,3642.0,ASP,0,09,27,False
KSTP,4004.0,ASP,0,13,31,False
KSTP,6491.0,ASP,0,14,32,True
KSTS,5202.0,ASP,0,02,20,True
KSTS,6000.0,ASP,0,14,32,True
KSUA,4653.0,ASP,0,07,25,False
KSUA,5828.0,ASP,0,12,30,True
KSUA,5000.0,ASP,0,16,34,True
KSUE,4599.0,ASP,0,02,20,False
KSUE,3199.0,ASP,0,10,28,False
KSUN,7550.0,ASP,0,13,31,True
KSUS,5000.0,ASP,0,08L,26R,True
KSUS,7486.0,CON,0,08R,26L,True
KSUT,5505.0,ASP,0,05,23,True
KSUU,11001.0,PEM,0,03L,21R,True
KSUU,10995.0,CON,0,03R,21L,True
KSUW,5100.0,ASP,0,04,22,True
KSUW,4001.0,ASP,0,14,32,False
KSUX,9002.0,CON,0,13,31,True
KSUX,6600.0,ASP,0,17,35,True
KSVC,4537.0,GRE,0,03,21,False
KSVC,6803.0,ASP,0,08,26,True
KSVC,4675.0,GRE,0,12,30,False
KSVC,5473.0,GRE,0,17,35,True
KSVH,7003.0,ASP,0,10,28,True
KSVN,11375.0,ASP,0,10,28,True
KSWF,11817.0,ASP,0,09,27,True
KSWF,6004.0,ASP,0,16,34,True
KSWO,5002.0,ASP,0,04,22,True
KSWO,5003.0,CON,1,13,31,False
KSWO,7401.0,ASP,0,17,35,True
KSYI,5504.0,ASP,0,18,36,True
KSYR,3261.0,CON,1,06,24,False
KSYR,9013.0,ASP,0,10,28,True
KSYR,7499.0,ASP,0,15,33,True
KSYV,4525.0,ASP,0,01,19,False
KSZL,12400.0,CON,0,01,19,True
KSZP,2665.0,ASPH,0,04,22,False
KSZP,60.0,ASPH,0,H1,,False
KSZT,5501.0,ASP,0,02,20,True
KT00,3005.0,ASP,0,12,30,False
KT00,1900.0,GRS,0,17,35,False
KT05,3200.0,ASP,0,12,30,False
KT20,3200.0,ASP,0,15,33,False
KT23,5000.0,ASP,0,17,35,True
KT82,5002.0,ASP,0,14,32,True
KTBN,6037.0,ASP,0,15,33,True
KTBR,4382.0,ASP,0,06,24,False
KTBR,6000.0,ASP,0,14,32,True
KTBR,4350.0,ASP,1,18,36,False
KTCL,6498.0,ASP,0,04,22,True
KTCL,4000.0,ASP,0,12,30,False
KTCM,10108.0,ASP,0,16,34,True
KTCM,3000.0,ASPH,0,160,340,False
KTCS,3302.0,GVL,0,01,19,False
KTCS,2933.0,GVL,0,07,25,False
KTCS,6981.0,GVL,0,11,29,False
KTCS,7202.0,ASP,0,13,31,True
KTCS,3001.0,GVL,0,15,33,False
KTDF,6005.0,ASP,0,06,24,True
KTDW,3000.0,ASP,0,05,23,False
KTDW,5098.0,ASP,0,17,35,True
KTDZ,3799.0,ASP,0,04,22,False
KTDZ,5829.0,ASP,0,14,32,True
KTEB,6997.0,ASP,0,1,19,True
KTEB,6014.0,ASP,0,6,24,True
KTEX,7111.0,ASP,0,09,27,True
KTHV,5188.0,ASP,0,17,35,True
KTIK,10000.0,PEM,0,13,31,True
KTIK,11100.0,PEM,0,18,36,True
KTIW,5002.0,ASP,0,17,35,True
KTIX,5000.0,ASP,0,09,27,True
KTIX,7319.0,ASP,0,18,36,True
KTKI,7002.0,ASP,0,18,36,True
KTLH,8000.0,ASP,0,09,27,True
KTLH,7000.0,ASP,0,18,36,True
KTMA,3389.0,ASP,1,03,21,False
KTMA,3807.0,ASP,0,10,28,False
KTMA,6506.0,ASP,0,16,34,True
KTMB,5003.0,ASP,0,09L,27R,True
KTMB,6000.0,ASP,0,09R,27L,True
KTMB,4001.0,ASP,0,13,31,False
KTME,6610.0,ASPH-G,0,18,36,True
KTNT,10499.0,ASP,0,9,27,True
KTNU,5600.0,ASP,0,14,32,True
KTOA,5001.0,PEM,0,11L,29R,True
KTOA,3000.0,ASP,0,11R,29L,False
KTOC,5008.0,ASP,0,03,21,True
KTOC,2951.0,ASP,0,09,27,False
KTOL,10600.0,ASP,0,07,25,True
KTOL,5599.0,ASP,0,16,34,True
KTPA,6999.0,PEM,0,10,28,True
KTPA,8300.0,PEM,0,19L,01R,True
KTPA,11002.0,CON,0,19R,01L,True
KTPF,3583.0,ASP,0,04,22,False
KTPF,2687.0,ASP,0,18,36,False
KTPL,4740.0,ASP,0,03,21,False
KTPL,7000.0,ASP,0,16,34,True
KTQE,4000.0,CON,0,15,33,False
KTRI,8000.0,ASP,0,05,23,True
KTRI,4443.0,ASP,0,09,27,False
KTRK,4650.0,ASP,0,02,20,False
KTRK,7001.0,ASP,0,11,29,True
KTRM,4995.0,ASP,0,12,30,False
KTRM,8500.0,ASP,0,17,35,True
KTSP,4040.0,ASP,0,11,29,False
KTTA,6501.0,ASP,0,03,21,True
KTTD,5399.0,ASP,0,07,25,True
KTTN,6006.0,ASP,0,06,24,True
KTTN,4800.0,ASP,0,16,34,False
KTUL,7376.0,CON,0,08,26,True
KTUL,10000.0,CON,0,18L,36R,True
KTUL,6101.0,ASP,0,18R,36L,True
KTUP,7150.0,ASP,0,18,36,True
KTUS,7000.0,ASP,0,04,22,True
KTUS,8408.0,ASP,1,11R,29L,False
KTUS,10996.0,ASP,0,12,30,True
KTVC,3204.0,ASP,1,05,23,False
KTVC,7016.0,ASP,0,10,28,True
KTVC,5378.0,ASP,0,18,36,True
KTVF,4997.0,ASP,1,03,21,False
KTVF,6504.0,ASP,0,13,31,True
KTVI,6004.0,ASP,0,04,22,True
KTVI,4999.0,ASP,0,14,32,False
KTVL,8541.0,ASP,0,18,36,True
KTWF,8704.0,ASP,0,08,26,True
KTWF,3224.0,ASP,0,12,30,False
KTXK,6602.0,ASP,0,04,22,True
KTXK,5200.0,ASP,0,13,31,True
KTYQ,7001.0,CON,0,18,36,True
KTYR,8334.0,ASP,0,04,22,True
KTYR,5198.0,ASP,0,13,31,True
KTYR,4832.0,ASP,0,18,36,False
KTYS,10000.0,CON,0,05L,23R,True
KTYS,9000.0,ASP,0,05R,23L,True
KU02,4314.0,ASP,0,01,19,False
KU07,3500.0,ASP,0,01,19,False
KU34,5600.0,ASP,0,13,31,True
KUAO,5003.0,ASP,0,17,35,True
KUBE,4043.0,ASP,0,09,27,False
KUBE,1996.0,GRS,0,18,36,False
KUDD,5002.0,ASP,0,10,28,True
KUES,5849.0,CON,0,10,28,True
KUES,3599.0,ASP,0,18,36,False
KUGN,6001.0,ASP,0,05,23,True
KUGN,3750.0,ASP,0,14,32,False
KUIN,7098.0,PEM,0,04,22,True
KUIN,5397.0,ASP,0,13,31,True
KUIN,5399.0,CON,0,18,36,True
KUKF,6201.0,ASP,0,01,19,True
KUKI,4423.0,ASP,0,15,33,False
KULM,2478.0,GRS,0,04,22,False
KULM,5401.0,ASP,0,15,33,True
KUMP,4004.0,ASP,0,15,33,False
KUNU,4028.0,ASP,0,02,20,False
KUNU,5070.0,ASP,0,08,26,True
KUNV,6701.0,ASP,0,06,24,True
KUOS,3700.0,ASP,0,07,25,False
KUOX,5600.0,ASP,0,09,27,True
KUUU,2999.0,ASP,0,04,22,False
KUUU,2623.0,ASP,0,16,34,False
KUVA,5256.0,ASP,0,15,33,True
KUZA,5500.0,ASP,0,02,20,True
KVAD,9300.0,CON,0,19L,01R,True
KVAD,8002.0,PEM,0,19R,01L,True
KVAY,3881.0,ASP,0,08,26,False
KVBT,5053.0,ASP,0,18,36,True
KVCT,4200.0,ASP,1,06,24,False
KVCT,4643.0,CON,1,12R,30L,False
KVCT,9111.0,ASP,0,13,31,True
KVCT,4908.0,ASP,0,18,36,False
KVCV,9138.0,PEM,0,03,21,True
KVCV,13052.0,PEM,0,17,35,True
KVDF,5000.0,ASP,0,05,23,True
KVDF,3219.0,ASP,0,18,36,False
KVDI,6002.0,CON,0,07,25,True
KVDI,5002.0,CON,0,14,32,True
KVEL,4108.0,ASP,1,07,25,False
KVEL,7000.0,ASP,0,17,35,True
KVGC,5314.0,ASP,0,17,35,True
KVGT,5005.0,ASP,0,07,25,True
KVGT,4199.0,ASP,0,12L,30R,False
KVGT,5000.0,ASP,0,12R,30L,True
KVIS,6562.0,ASP,0,12,30,True
KVJI,5500.0,ASP,0,06,24,True
KVKS,5000.0,ASP,0,01,19,True
KVLD,5598.0,ASP,0,04,22,True
KVLD,3636.0,ASP,1,13,31,False
KVLD,8003.0,ASP,0,18,36,True
KVLL,3550.0,ASP,0,09,27,False
KVNC,5000.0,ASP,0,04,22,True
KVNC,5000.0,ASP,1,09,27,False
KVNC,5640.0,ASP,0,13,31,True
KVNW,5000.0,ASP,0,09,27,True
KVNW,2558.0,GRS,0,18,36,False
KVNY,4013.0,ASP,0,16L,34R,False
KVNY,8001.0,ASP,0,16R,34L,True
KVOK,9000.0,CON,0,09,27,True
KVPS,10012.0,ASP,0,02,20,True
KVPS,12004.0,ASP,0,12,30,True
KVQQ,4439.0,PEM,0,09L,27R,False
KVQQ,8003.0,PEM,0,09R,27L,True
KVQQ,12504.0,PEM,0,18L,36R,True
KVQQ,8001.0,PEM,0,18R,36L,True
KVRB,4974.0,ASP,0,04,22,False
KVRB,3505.0,ASP,0,12L,30R,False
KVRB,7314.0,ASP,0,12R,30L,True
KVSF,5501.0,ASP,0,05,23,True
KVSF,3000.0,ASP,0,11,29,False
KVTN,3701.0,ASP,0,03,21,False
KVTN,4705.0,ASP,0,14,32,False
KVUJ,3501.0,ASP,0,04L,22R,False
KVUJ,5499.0,ASP,0,04R,22L,True
KVUO,3275.0,ASP,0,08,26,False
KVVS,3833.0,ASP,0,05,23,False
KVVS,2404.0,ASP,0,14,32,False
KW05,3100.0,ASP,0,06,24,False
KW28,3500.0,GRS,0,09L,27R,False
KW28,3500.0,ASP,0,09R,27L,False
KW43,5500.0,ASP,0,13,31,True
KW95,2998.0,ASP,0,06,24,False
KWDG,3150.0,ASPH-P,0,13,31,False
KWDG,8613.0,ASP,0,17,35,True
KWDR,3607.0,ASP,0,05,23,False
KWDR,5202.0,ASP,0,13,31,True
KWHP,4120.0,ASP,0,12,30,False
KWJF,7201.0,ASP,0,06,24,True
KWMC,4800.0,ASP,0,02,20,False
KWMC,7000.0,ASP,0,14,32,True
KWRI,11451.0,ASP,0,06,24,True
KWRI,7126.0,ASP,0,18,36,True
KWST,4010.0,ASP,0,07,25,False
KWST,3960.0,ASP,0,14,32,False
KWVI,4502.0,ASP,0,02,20,False
KWVI,3998.0,ASP,0,09,27,False
KWVL,5500.0,ASP,0,05,23,True
KWVL,2301.0,ASP,0,14,32,False
KWWD,5252.0,ASP,0,01,19,True
KWWD,5000.0,ASP,0,10,28,True
KWYS,8400.0,ASP,0,01,19,True
KX04,3284.0,COP,0,15,33,False
KX06,3700.0,ASP,0,06,24,False
KX06,2400.0,GRS,0,14,32,False
KX14,5254.0,ASP,0,14,32,True
KXFL,5000.0,ASP,1,02,20,False
KXFL,5001.0,ASP,0,06,24,True
KXFL,5500.0,ASP,0,11,29,True
KXFL,5000.0,ASP,1,16,34,False
KXFL,3001.0,WATER,0,18W,36W,False
KXNA,8801.0,CON,0,16L,34R,True
KXNA,8800.0,concrete,0,16R,34L,True
KXSA,4300.0,ASPH-E,0,10,28,False
KXWA,7503.0,CON,0,14,32,True
KY83,3105.0,ASP,0,09,27,False
KY83,2300.0,GRS,0,18,36,False
KYIP,7543.0,CON,0,05,23,True
KYIP,6655.0,ASP,1,05L,23R,False
KYIP,5001.0,ASP,0,09,27,True
KYIP,6511.0,ASP,1,09R,27L,False
KYIP,6914.0,ASP,1,14,32,False
KYKM,3835.0,ASP,0,04,22,False
KYKM,7604.0,ASP,0,09,27,True
KYKN,3380.0,ASP,0,01,19,False
KYKN,6094.0,CON,0,13,31,True
KYNG,5002.0,ASP,0,05,23,True
KYNG,9003.0,ASP,0,14,32,True
KYNG,3501.0,ASPH-F,0,143,323,False
KZEF,4001.0,ASP,0,07,25,False
KZPH,5072.0,ASP,0,19,1,True
KZPH,5001.0,ASP,0,5,23,True
L20,3900.0,GRAVEL-P,0,01,19,False
MD1,3000.0,TURF-G,0,02,20,False
MTF,4600.0,ASPH-GRVL,0,06,24,False
MYK,2700.0,TURF-GRVL-F,0,13,31,False
N30,2986.0,ASPH-G,0,18,36,False
NC06,4600.0,ASP,0,12,30,False
NSTU,10000.0,ASP,0,05,23,True
NSTU,3800.0,ASP,0,08,26,False
NV74,5200.0,ASP,0,15,33,True
OLH,2750.0,GRAVEL-G,0,03,21,False
ORI,2200.0,GRAVEL-G,0,07,25,False
PA88,3845.0,ASP,0,05,23,False
PAAK,4500.0,ASPH-E,0,16,34,False
PAAL,3500.0,GRVL,0,01,19,False
PAAQ,3617.0,ASP,0,09,27,False
PAAQ,6006.0,ASP,0,16,34,True
PAAQ,1560.0,GVL,0,16S,34S,False
PABA,4500.0,GRAVEL-P,0,07,25,False
PABE,6400.0,ASPH-F,0,01L,19R,True
PABE,4000.0,ASPH-G,0,01R,19L,False
PABE,1858.0,GRVL-G,0,12,30,False
PABG,5002.0,GRVL-G,0,01,19,False
PABG,2505.0,GRVL,0,09,27,False
PABL,3200.0,GRVL-G,0,11,29,False
PABP,5100.0,GRVL,0,04,22,False
PABR,7100.0,ASP,0,08,26,True
PABT,5190.0,GVL,0,01,19,False
PACD,4900.0,ASP,0,08,26,False
PACD,10179.0,ASP,0,15,33,True
PACE,2782.0,GRVL-P,0,07,25,False
PACI,4000.0,GRVL-G,0,04,22,False
PACK,3720.0,GVL,1,15,33,False
PACK,3230.0,GRVL,0,16,34,False
PACL,3997.0,ASP,0,01,19,False
PACM,10000.0,WATER-E,1,04W,22W,False
PACM,3001.0,DIRT,0,11,29,False
PACR,2979.0,GRVL-G,0,15,33,False
PACV,7500.0,ASP,0,09,27,True
PACV,1934.0,GVL,0,16,34,False
PACX,4011.0,GRVL-G,0,02,20,False
PACZ,3955.0,GVL,0,02,20,False
PADE,3320.0,GVL,0,03,21,False
PADE,2660.0,GVL,0,12,30,False
PADG,6312.0,ASPH-G,0,03,21,True
PADK,7790.0,ASPH-G,0,05,23,True
PADK,7605.0,ASPH-G,1,18,36,False
PADL,6400.0,ASP,0,01,19,True
PADM,3200.0,GVL,0,07,25,False
PADQ,5010.0,ASP,0,01,19,True
PADQ,7534.0,ASP,0,08,26,True
PADQ,5400.0,ASP,0,11,29,True
PADU,4500.0,ASP,0,13,31,False
PADY,2400.0,GRVL-P,0,01,19,False
PAED,10000.0,PEM,0,06,24,True
PAED,7493.0,ASP,0,17,35,True
PAEE,3243.0,GRVL-G,0,17,35,False
PAEG,3600.0,GRVL-F,0,07,25,False
PAEH,3945.0,GVL,0,15,33,False
PAEI,14530.0,CONC,0,14,32,True
PAEM,4601.0,GVL,0,16,34,False
PAEN,7855.0,ASP,0,02L,20R,True
PAEN,1980.0,GVL,0,02R,20L,False
PAEN,4600.0,WATER-E,0,2W,20W,False
PAEW,3300.0,GVL,0,12,30,False
PAFA,2900.0,GRVL,0,02,20,False
PAFA,11800.0,ASPH-G,0,02L,20R,True
PAFA,4510.0,ASPH-G,0,02R,20L,False
PAFA,5400.0,WATER,0,02W,20W,False
PAFB,8575.0,ASPH-CONC,0,07,25,True
PAFE,4000.0,ASPH-G,0,11,29,False
PAFM,4000.0,GVL,0,01,19,False
PAFM,2400.0,GVL,0,10,28,False
PAFS,4003.0,GRVL-G,0,04,22,False
PAGA,2600.0,GVL,0,06,24,False
PAGA,6000.0,PEM,0,08,26,True
PAGB,5182.0,GRVL-G,0,13,31,False
PAGG,1835.0,GRVL-P,0,15,33,False
PAGH,4000.0,GVL,0,09,27,False
PAGK,5001.0,ASPH-G,0,15,33,True
PAGL,4000.0,GRAVEL-G,0,03,21,False
PAGM,4500.0,ASP,0,16,34,False
PAGS,3010.0,ASP,0,02,20,False
PAGS,6720.0,ASP,0,11,29,True
PAGT,3200.0,GRVL-P,0,03,21,False
PAGY,3550.0,ASPH-G,0,02,20,False
PAHC,4000.0,GRAVEL-G,0,02,20,False
PAHL,4000.0,GVL,0,03,21,False
PAHN,4000.0,ASP,0,08,26,False
PAHO,6701.0,ASP,0,04,22,True
PAHP,3300.0,ASP,0,13,31,False
PAHU,3380.0,GRAVEL-G,0,17,35,False
PAHV,2910.0,ASPH-P,0,15,33,False
PAHX,3400.0,GRVL-F,0,16,34,False
PAHX,5000.0,WATER,0,18W,36W,False
PAIG,3000.0,GRVL-F,0,05,23,False
PAII,1500.0,GVL,0,03,21,False
PAII,5600.0,GVL,0,12,30,False
PAIK,4000.0,GVL,0,07,25,False
PAIL,5086.0,ASP,0,08,26,True
PAIL,4800.0,ASP,0,18,36,False
PAIL,2998.0,WATER,0,E,W,False
PAIL,2892.0,WATER,0,N,S,False
PAIM,4100.0,GVL,0,07,25,False
PAIW,3990.0,GRAVEL-G,0,18,36,False
PAJC,2600.0,GRVL-G,0,02,20,False
PAJN,8857.0,ASP,0,08,26,True
PAJN,4800.0,WATER,0,08W,26W,False
PAJZ,3300.0,GRVL-F,0,09,27,False
PAKF,2100.0,GRVL-G,0,13,31,False
PAKH,3120.0,GRAVEL-G,0,04,22,False
PAKI,3200.0,GRAVEL-G,0,17,35,False
PAKK,3002.0,GRVL-G,0,01,19,False
PAKL,4400.0,GRVL-P,0,07,25,False
PAKL,5000.0,WATER,0,18W,36W,False
PAKN,8901.0,ASPH-F,0,12,30,True
PAKN,4017.0,ASP,0,18,36,False
PAKN,4000.0,WATER,0,NW,SE,False
PAKO,3512.0,GRVL,0,08,26,False
PAKP,4800.0,GRAVEL-G,0,02,20,False
PAKT,7500.0,ASPH-G,0,11,29,True
PAKT,9500.0,WATER,1,ESE,WNW,False
PAKV,3986.0,GRVL-G,0,03,21,False
PAKW,5000.0,ASP,0,02,20,True
PAKY,2000.0,GRVL-P,0,10,28,False
PALB,2690.0,GRVL-G,0,04,22,False
PALG,3198.0,GRVL-G,0,07,25,False
PALJ,3000.0,DIRT-GRVL,0,05,23,False
PALN,5000.0,GRAVEL,0,07,25,False
PALR,3000.0,GRVL-F,0,04,22,False
PALU,4800.0,GVL,0,09,27,False
PAMB,3300.0,GRVL-G,0,03,21,False
PAMC,2000.0,GRVL-G,0,05,23,False
PAMC,5936.0,ASPH-G,0,16,34,True
PAMD,3158.0,GRVL-E,0,02,20,False
PAMD,1500.0,GRVL-E,0,13,31,False
PAMH,4184.0,GVL,0,03,21,False
PAMK,4001.0,GRAVEL-G,0,02,20,False
PAML,3400.0,GRAVEL-F,0,18,36,False
PAMO,3501.0,GRVL-P,0,02,20,False
PAMR,2000.0,GVL,0,04,22,False
PAMR,4000.0,ASP,0,08,26,False
PAMR,2640.0,ASP,0,17,35,False
PAMX,3501.0,GRVL-G,0,01,19,False
PAMY,3070.0,GVL,0,05,23,False
PANA,3248.0,GRAVEL-F,0,16,34,False
PANC,10600.0,ASP,0,07L,25R,True
PANC,12400.0,ASP,0,07R,25L,True
PANC,10865.0,ASP,0,15,33,True
PANI,3000.0,WATER,1,05W,23W,False
PANI,6200.0,ASPH-F,0,11,29,True
PANN,4600.0,ASP,0,04L,22R,False
PANN,1980.0,GRS,0,04R,22L,False
PANN,3601.0,WATER,0,04W,22W,False
PANO,2800.0,GRAVEL-G,0,02,20,False
PANU,4011.0,GVL,0,03,21,False
PANV,4000.0,GVL,0,17,35,False
PANW,3281.0,GRVL-G,0,14,32,False
PAOB,4020.0,GRVL-G,0,09,27,False
PAOH,3367.0,ASPH-G,0,06,24,False
PAOM,6176.0,ASP,0,03,21,True
PAOM,6009.0,ASP,0,10,28,True
PAOO,3200.0,GVL,0,16,34,False
PAOR,5100.0,GRVL-DIRT-G,0,05,23,False
PAOT,6300.0,ASPH-G,0,09,27,True
PAOT,3800.0,GVL,0,17,35,False
PAOU,4003.0,TURF-GRVL - F,0,08,26,False
PAPB,4982.0,GVL,0,11,29,False
PAPC,4497.0,ASPH,0,16,34,False
PAPE,3300.0,GRVL-G,0,02,20,False
PAPG,6400.0,ASP,0,05,23,True
PAPH,5000.0,GVL,0,05,23,False
PAPH,4000.0,GVL,0,13,31,False
PAPK,3000.0,GVL,0,02,20,False
PAPK,15000.0,WATER,1,09W,27W,False
PAPM,1924.0,GVL,1,09,27,False
PAPM,5000.0,GVL,0,14,32,False
PAPN,3280.0,GRVL-G,0,07,25,False
PAPO,4000.0,ASPH-F,0,03,21,False
PAPR,4968.0,GRVL-G,0,01,19,False
PAQH,4000.0,GRVL,0,12,30,False
PAQT,4343.0,GVL,0,04,22,False
PARC,4500.0,GVL,0,02,20,False
PARS,3600.0,GRAVEL-G,0,17,35,False
PARS,3000.0,WATER,0,18W,36W,False
PARY,4000.0,GVL,0,03,21,False
PASA,4400.0,GVL,0,05,23,False
PASC,6500.0,ASPH-G,0,05,23,True
PASD,4000.0,ASP,0,13,31,False
PASH,4997.0,ASP,0,05,23,False
PASI,7200.0,ASP,0,11,29,True
PASK,3002.0,GRAVEL-G,0,04,22,False
PASK,2659.0,GVL,0,09,27,False
PASL,3100.0,GRAVEL-G,0,14,32,False
PASM,1520.0,GVL,0,07,25,False
PASM,5997.0,GVL,0,17,35,False
PASN,6500.0,ASP,0,18,36,True
PASO,1845.0,GRVL-G,0,16,34,False
PASW,3400.0,GRAVEL-G,0,10,28,False
PASX,5001.0,ASP,0,07,25,True
PATA,4400.0,GRVL-P,0,07,25,False
PATC,4702.0,GRVL,0,17,35,False
PATE,2983.0,GRVL-G,0,08,26,False
PATG,4400.0,GVL,0,03,21,False
PATG,982.0,GVL,0,10,28,False
PATL,3820.0,GVL,0,17,35,False
PATQ,4370.0,GVL,0,07,25,False
PAUK,4000.0,GRVL-DIRT-G,0,16,34,False
PAUM,5583.0,GRVL-P,0,06,24,False
PAUN,1900.0,ASPH,0,09,27,False
PAUN,5900.0,ASPH,0,15,33,True
PAUT,4500.0,ASP,0,09,27,False
PAVA,3220.0,GRVL-G,0,02,20,False
PAVA,2000.0,WATER-E,1,18W,36W,False
PAVC,3500.0,TURF-GRVL - G,0,08,26,False
PAVD,6500.0,ASP,0,06,24,True
PAVE,4000.0,GRVL-DIRT-E,0,04,22,False
PAVL,3000.0,GVL,0,12,30,False
PAWB,3934.0,GRVL-F,0,05,23,False
PAWD,4249.0,ASPH-G,0,13,31,False
PAWD,2289.0,ASPH-G,0,16,34,False
PAWG,6000.0,ASP,0,10,28,True
PAWI,4494.0,GVL,0,05,23,False
PAWM,3000.0,GRVL-G,0,15,33,False
PAWN,3992.0,GRAVEL-G,0,01,19,False
PAWS,3700.0,ASP,0,04,22,False
PAWS,1690.0,TURF-GRVL-G,0,04S,22S,False
PAYA,6475.0,CONC-F,0,02,20,True
PAYA,7732.0,ASPH-G,0,11,29,True
PFAK,3200.0,GRVL-G,0,03,21,False
PFAL,4000.0,GRVL-G,0,05,23,False
PFCB,3000.0,GRAVEL-G,0,15,33,False
PFCL,3200.0,GRVL,0,18,36,False
PFEL,3401.0,GRVL-G,0,01,19,False
PFKA,3000.0,GRVL-G,0,17,35,False
PFKK,3300.0,GRVL-G,0,07,25,False
PFKO,4400.0,GRVL,0,02,20,False
PFKT,2110.0,GRVL-G,0,04,22,False
PFKT,2990.0,GRVL-E,0,11,29,False
PFKU,4000.0,GRVL-DIRT-G,0,07,25,False
PFKW,3199.0,GRVL-G,0,18,36,False
PFNO,4000.0,GRVL-E,0,06,24,False
PFSH,4001.0,GRVL-G,0,14,32,False
PFTO,2509.0,ASPH-P,0,07,25,False
PFWS,2264.0,GRVL-F,0,04,22,False
PFWS,3314.0,GRVL-DIRT-F,0,12,30,False
PFYU,5000.0,GRVL-G,0,04,22,False
PGM,1975.0,GRVL-DIRT-G,0,12,30,False
PGRO,6000.0,ASP,0,09,27,True
PGSN,8700.0,ASP,0,07,25,True
PGUA,10558.0,PEM,0,06L,24R,True
PGUA,11185.0,PEM,0,06R,24L,True
PGUM,12015.0,asphalt,0,06L,24R,True
PGUM,10014.0,asphalt,0,06R,24L,True
PGWT,8600.0,PEM,0,08,26,True
PHHN,3606.0,ASP,0,08,26,False
PHJH,3000.0,ASP,0,02,20,False
PHJR,4505.0,ASP,0,04L,22R,False
PHJR,7989.0,ASP,0,04R,22L,True
PHJR,8365.0,ASP,0,11,29,True
PHKO,11000.0,ASP,0,17,35,True
PHLI,6500.0,ASP,0,03,21,True
PHLI,6500.0,ASP,0,17,35,True
PHLU,2700.0,ASPH-G,0,05,23,False
PHMK,4494.0,ASP,0,05,23,False
PHMK,3118.0,ASP,0,17,35,False
PHMU,5197.0,ASP,0,04,22,True
PHNL,6955.0,ASPH-G,0,04L,22R,True
PHNL,9002.0,ASPH-G,0,04R,22L,True
PHNL,3000.0,WATER,0,04W,22W,False
PHNL,12360.0,ASPH-G,0,08L,26R,True
PHNL,12000.0,ASPH-G,0,08R,26L,True
PHNL,5090.0,WATER,0,08W,26W,False
PHNY,5001.0,ASP,0,03,21,True
PHOG,6998.0,ASP,0,02,20,True
PHOG,4980.0,ASP,0,05,23,False
PHTO,5600.0,ASP,0,03,21,True
PHTO,9800.0,ASP,0,08,26,True
PPIZ,3519.0,GVL,0,05,23,False
RDV,4820.0,GRVL-G,0,10,28,False
RMP,3520.0,GRVL-G,0,11,29,False
S31,2905.0,ASPH-G,0,16,34,False
SRV,2601.0,GRVL-DIRT-F,0,18,36,False
SVS,4000.0,GRVL-G,0,05,23,False
SXP,3015.0,GRAVEL-G,0,01,19,False
SXP,15000.0,WATER,0,09W,27W,False
SXP,15000.0,WATER,0,18W,36W,False
TCT,3300.0,GRAVEL-F,0,04,22,False
TIST,7000.0,ASP,0,10,28,True
TISX,10002.0,ASP,0,10,28,True
TJBQ,11702.0,ASP,0,08,26,True
TJCP,2600.0,ASPH-G,0,13,31,False
TJIG,5317.0,ASP,0,09,27,True
TJMZ,4998.0,ASP,0,09,27,False
TJPS,6904.0,ASP,0,12,30,True
TJRV,5800.0,ASPH-CONC,1,18,36,False
TJRV,11000.0,PEM,0,7,25,True
TJSJ,10002.0,ASP,0,08,26,True
TJSJ,8016.0,CON,0,10,28,True
TJVQ,4301.0,ASP,0,09,27,False
TLT,2461.0,GRVL-DIRT-F,1,02,20,False
TLT,3300.0,Gravel,0,15,33,False
TT27,3874.0,Turf/Gravel,0,17,35,False
TYE,3000.0,GRVL-G,0,18,36,False
US-12383,2200.0,GVL,0,5,23,False
US-12647,4600.0,GRVL-P,0,08,26,False
UT25,4000.0,DIRT,0,16,34,False
W29,2714.0,ASPH-G,0,11,29,False
W75,3150.0,ASPH-G,0,01,19,False
WA18,1500.0,TURF,0,01,19,False
WBB,2999.0,GRVL-G,0,05,23,False
WY11,5704.0,ASPH,0,NW,SE,True
Z13,1649.0,GRVL-F,0,11,29,False
Z91,4000.0,GRAVEL-G,0,16,34,False
ZNC,4512.0,GRAVEL,0,05,23,False
